Category (What),Section,Subsection,YP ID
Agricultural Chemicals,"Agriculture, fishing & Forestry",,00026600
Aquaculture,"Agriculture, fishing & Forestry",,00063501
Blacksmiths,"Agriculture, fishing & Forestry",,00155400
Fertilizers,"Agriculture, fishing & Forestry",,00544000
Fruit & Vegetable Brokers,"Agriculture, fishing & Forestry",,00592780
Fruit & Vegetable Growers & Distributors,"Agriculture, fishing & Forestry",,00592800
Horse Breeding,"Agriculture, fishing & Forestry",,00677800
Horse Dealers,"Agriculture, fishing & Forestry",,00678000
Horse Training,"Agriculture, fishing & Forestry",,00678600
Horse Transport,"Agriculture, fishing & Forestry",,00678800
Irrigation Systems & Equipment,"Agriculture, fishing & Forestry",,00725200
Potato Growers & Shippers,"Agriculture, fishing & Forestry",,01052770
Poultry Processing,"Agriculture, fishing & Forestry",,01055200
Rendering Companies,"Agriculture, fishing & Forestry",,01118400
"Saddles, Harnesses & Horse Furnishings","Agriculture, fishing & Forestry",,01147600
Soil Testing,"Agriculture, fishing & Forestry",,01222600
Stables,"Agriculture, fishing & Forestry",,01237000
Artificial Insemination,"Agriculture, fishing & Forestry",Farming equipment & services,00713000
Beekeeping Supplies,"Agriculture, fishing & Forestry",Farming equipment & services,00138400
Dairy Equipment & Supplies,"Agriculture, fishing & Forestry",Farming equipment & services,00403000
Farm & Ranch Services,"Agriculture, fishing & Forestry",Farming equipment & services,00535275
Farm Equipment,"Agriculture, fishing & Forestry",Farming equipment & services,00535000
Farm Equipment & Supplies,"Agriculture, fishing & Forestry",Farming equipment & services,00535350
Farms & Ranches,"Agriculture, fishing & Forestry",Farming equipment & services,00535810
Flour Mills,"Agriculture, fishing & Forestry",Farming equipment & services,02000097
Hydroponic Systems & Equipment,"Agriculture, fishing & Forestry",Farming equipment & services,00693200
Livestock,"Agriculture, fishing & Forestry",Farming equipment & services,00780800
Livestock Breeders,"Agriculture, fishing & Forestry",Farming equipment & services,00781000
Livestock Equipment & Supplies,"Agriculture, fishing & Forestry",Farming equipment & services,00781200
Maple Syrup Equipment & Accessories,"Agriculture, fishing & Forestry",Farming equipment & services,00819800
Nursery Equipment & Supplies,"Agriculture, fishing & Forestry",Farming equipment & services,00914400
Poultry Hatcheries,"Agriculture, fishing & Forestry",Farming equipment & services,00664200
Silos,"Agriculture, fishing & Forestry",Farming equipment & services,01208200
Slaughterhouses,"Agriculture, fishing & Forestry",Farming equipment & services,00000802
Aerial Seeding & Spraying Service,"Agriculture, fishing & Forestry","Feed, seed and grain",01234300
Grain Brokers,"Agriculture, fishing & Forestry","Feed, seed and grain",00645200
Grain Dealers,"Agriculture, fishing & Forestry","Feed, seed and grain",00645400
Grain Elevator Equipment,"Agriculture, fishing & Forestry","Feed, seed and grain",00645600
Grain Elevators,"Agriculture, fishing & Forestry","Feed, seed and grain",00645800
Seed & Grain Cleaning,"Agriculture, fishing & Forestry","Feed, seed and grain",01178300
Dead Stock Removal,"Agriculture, fishing & Forestry",Fishing,00406225
Fish Hatcheries,"Agriculture, fishing & Forestry",Fishing,00561200
Fish Nets,"Agriculture, fishing & Forestry",Fishing,00561400
Fish Packers,"Agriculture, fishing & Forestry",Fishing,00561600
Nettings,"Agriculture, fishing & Forestry",Fishing,00903800
Forestry Consultants,"Agriculture, fishing & Forestry",Forests,00578900
Logging Companies & Contractors,"Agriculture, fishing & Forestry",Forests,00784610
Logging Equipment & Supplies,"Agriculture, fishing & Forestry",Forests,00784800
Tree Consultants,"Agriculture, fishing & Forestry",Forests,01356900
Bridal Supply Manufacturers & Wholesalers,Apparel & Accessories,,00192000
Clothing & Fur Storage,Apparel & Accessories,,00598630
Fur Repair & Remodelling,Apparel & Accessories,,00600300
Hats,Apparel & Accessories,,00664300
Safety Equipment & Clothing,Apparel & Accessories,,01148400
Uniforms,Apparel & Accessories,,01378400
Western Clothing,Apparel & Accessories,,01425800
Buckles,Apparel & Accessories,Accessories,00200200
Gloves & Mittens,Apparel & Accessories,Accessories,00635190
Jewellery Buyers,Apparel & Accessories,Accessories,00731800
Jewellery Designers,Apparel & Accessories,Accessories,00732300
Jewellery Engravers,Apparel & Accessories,Accessories,00732400
Jewellery Repair & Cleaning,Apparel & Accessories,Accessories,00732800
Lapidaries & Supplies,Apparel & Accessories,Accessories,00757300
Pin Manufacturers & Wholesalers,Apparel & Accessories,Accessories,01004350
Umbrellas,Apparel & Accessories,Accessories,01377000
Dry Cleaners,Apparel & Accessories,Alterations & Services,00300000
Laundries,Apparel & Accessories,Alterations & Services,00759800
Laundromats,Apparel & Accessories,Alterations & Services,00760000
Leather & Suede Cleaning,Apparel & Accessories,Alterations & Services,00765000
Leather Goods Repair,Apparel & Accessories,Alterations & Services,00764190
Linen Supply Service,Apparel & Accessories,Alterations & Services,00774400
Tailors,Apparel & Accessories,Alterations & Services,01275095
Uniform Rental,Apparel & Accessories,Alterations & Services,01377800
Watch Repair,Apparel & Accessories,Alterations & Services,01417300
Wedding Gown Preservation,Apparel & Accessories,Alterations & Services,00191700
Bridal Shops,Apparel & Accessories,Clothing - General,00191800
Children's Clothing Stores,Apparel & Accessories,Clothing - General,00280997
Cloth & Leather Caps,Apparel & Accessories,Clothing - General,00231900
Clothing Alterations,Apparel & Accessories,Clothing - General,00306798
Clothing Manufacturers & Wholesalers,Apparel & Accessories,Clothing - General,00307140
Clothing Stores,Apparel & Accessories,Clothing - General,00306965
Crests,Apparel & Accessories,Clothing - General,00391000
Embroidery,Apparel & Accessories,Clothing - General,00489800
Fashion Designers,Apparel & Accessories,Clothing - General,00535975
Hosiery Manufacturers & Wholesalers,Apparel & Accessories,Clothing - General,00680400
Hosiery Stores,Apparel & Accessories,Clothing - General,00680200
Kilts & Tartans,Apparel & Accessories,Clothing - General,00741560
Knit & Woollen Goods,Apparel & Accessories,Clothing - General,00742900
Maternity Clothes,Apparel & Accessories,Clothing - General,00833100
Men's Clothing Stores,Apparel & Accessories,Clothing - General,00843540
Quilts & Quilting Supplies,Apparel & Accessories,Clothing - General,01084500
Sheepskin Specialties,Apparel & Accessories,Clothing - General,01192400
"Skins, Hides & Furs",Apparel & Accessories,Clothing - General,00671850
Tuxedos,Apparel & Accessories,Clothing - General,01370910
Women's Clothing Stores,Apparel & Accessories,Clothing - General,01434300
Work Clothing,Apparel & Accessories,Clothing - General,01437100
Custom-Made Shoes,Apparel & Accessories,Footwear,01199400
Shoe Repair,Apparel & Accessories,Footwear,01198300
Shoe Stores,Apparel & Accessories,Footwear,01198900
Shoe Supplies & Findings,Apparel & Accessories,Footwear,01197400
Alternators & Starters,Automotive,,00042900
Auto Body Repair & Painting Shops,Automotive,,00093000
Auto Body Shop Equipment & Supplies,Automotive,,00093200
Auto Glass & Windshields,Automotive,,00631650
Auto Part Manufacturers & Wholesalers,Automotive,,00096600
Auto Repair Garages,Automotive,,00610600
Car Brake Service,Automotive,,00187400
Car Leasing,Automotive,,00095535
Car Rental,Automotive,,00097150
Car Repair & Service,Automotive,,00097300
Car Wrecking & Recycling,Automotive,,00098600
Driving Instruction,Automotive,,00451400
Gas Fitters,Automotive,,00617490
Gas Stations,Automotive,,01186800
Mufflers & Exhaust Systems,Automotive,,00892000
New Auto Parts & Supplies,Automotive,,00096200
New Car Dealers,Automotive,,00094200
Parking Area Maintenance & Marking,Automotive,,00960200
Parking Lot & Garage Equipment & Supplies,Automotive,,00960800
Parking Lots & Garages,Automotive,,00960600
Recreational Vehicle Parts & Supplies,Automotive,,01104625
Roadside Assistance,Automotive,,01133000
Tire Retailers,Automotive,,01324200
Towing Equipment,Automotive,,01341590
Trailer Hitches,Automotive,,01345800
Trailer Manufacturers,Automotive,,01347080
Trailer Parts & Equipment,Automotive,,01346800
"Trailer Renting, Leasing & Sales",Automotive,,01346000
Trailer Repair & Service,Automotive,,01347200
Transmission,Automotive,,01351800
Truck Accessories & Parts,Automotive,,01361400
Truck Dealers,Automotive,,01361000
Truck Rental & Leasing,Automotive,,01362200
Truck Repair & Service,Automotive,,01362400
Truck Trailers,Automotive,,01347600
Used Auto Parts & Supplies,Automotive,,00096400
Used Car Dealers,Automotive,,00094400
Utility Trailers,Automotive,,01346200
Vehicle Towing,Automotive,,01341200
"Wheel Alignment, Frame & Axle Services",Automotive,,01426200
Wheels,Automotive,,01427200
Car Alarm Systems,Automotive,Accessories,00092650
Car Radios & Stereo Systems,Automotive,Accessories,00097000
Car Remote Starters,Automotive,Accessories,00097080
"Car Seat Covers, Tops & Upholstery",Automotive,Accessories,00097600
Performance Auto Parts & Accessories,Automotive,Accessories,00096700
Speed Reducers,Automotive,Accessories,01230800
Truck Caps & Accessories,Automotive,Accessories,01360915
Car Customizing & Accessories,Automotive,Detailing & Aesthetics,00094000
Car Detailing,Automotive,Detailing & Aesthetics,00094510
Car Upholstery Cleaning,Automotive,Detailing & Aesthetics,00098200
Car Wash Equipment & Polishing Supplies,Automotive,Detailing & Aesthetics,00233000
Car Washes,Automotive,Detailing & Aesthetics,00232525
Corrosion Control,Automotive,Detailing & Aesthetics,00369800
Rustproofing,Automotive,Detailing & Aesthetics,01144375
Truck Painting & Lettering,Automotive,Detailing & Aesthetics,01361800
Truck Washing & Cleaning,Automotive,Detailing & Aesthetics,01362800
Motorcycle & Motor Scooter Parts,Automotive,Motorcycles,00888000
Motorcycle & Motor Scooter Renting & Leasing,Automotive,Motorcycles,00887800
Motorcycle Wreckers,Automotive,Motorcycles,00887572
Motorcycles & Motor Scooters,Automotive,Motorcycles,00887600
All-Terrain Vehicles,Automotive,Motorized Vehicles,00041800
Diesel Fuel,Automotive,Motorized Vehicles,00426100
Electric Vehicles,Automotive,Motorized Vehicles,01387975
Fork Lift Trucks,Automotive,Motorized Vehicles,00770525
Fuel Injection,Automotive,Motorized Vehicles,00595400
Gasoline Wholesalers,Automotive,Motorized Vehicles,00618800
Recreational Vehicle Dealers,Automotive,Motorized Vehicles,01104675
Recreational Vehicle Rental & Leasing,Automotive,Motorized Vehicles,01104650
Recreational Vehicle Repair & Maintenance,Automotive,Motorized Vehicles,01104663
Recreational Vehicle Storage,Automotive,Motorized Vehicles,01104680
Snow Removal Equipment,Automotive,Motorized Vehicles,01217400
Tractor Dealers,Automotive,Motorized Vehicles,01343600
Tractor Equipment & Parts,Automotive,Motorized Vehicles,01344000
Tractor Manufacturers & Distributors,Automotive,Motorized Vehicles,01343800
Tractor Renting & Leasing,Automotive,Motorized Vehicles,01344200
Truck & Van Customizing,Automotive,Motorized Vehicles,01386400
Truck Bodies,Automotive,Motorized Vehicles,01360800
Truck Manufacturers,Automotive,Motorized Vehicles,01361600
Truck Refrigeration Equipment,Automotive,Motorized Vehicles,01362000
Aerial Photographers,Business & Professional Services,,00989400
Appraisers,Business & Professional Services,,00062475
Audiovisual Equipment & Supplies,Business & Professional Services,,00089830
Audiovisual Equipment & Supplies Rental,Business & Professional Services,,00089839
Audiovisual Production Services,Business & Professional Services,,00089850
Call Centres,Business & Professional Services,,00220620
Career Counselling,Business & Professional Services,,00235825
Circular & Sample Distribution,Business & Professional Services,,00432400
Civil Engineers,Business & Professional Services,,00496000
Coffee Break Services & Supplies,Business & Professional Services,,00311400
Commercial Refrigeration Sales & Services,Business & Professional Services,,01109000
Communications & Public Relations Consultants,Business & Professional Services,,00323445
Consulting Engineers,Business & Professional Services,,00496200
Convention Centres & Facilities,Business & Professional Services,,00363600
Copying & Duplicating Service,Business & Professional Services,,00366600
Courier Service,Business & Professional Services,,00376400
Court & Convention Reporters,Business & Professional Services,,01119800
Customs Brokers,Business & Professional Services,,00399600
Delivery Service,Business & Professional Services,,00411000
Display Design & Production,Business & Professional Services,,00429580
Electrical Engineers,Business & Professional Services,,00496400
Employee Benefit Plans,Business & Professional Services,,00491160
Employment Agencies,Business & Professional Services,,00491400
Engineers,Business & Professional Services,,00495325
Event Planners,Business & Professional Services,,00524150
Executive Search Consultants,Business & Professional Services,,00525600
Export Packing Service,Business & Professional Services,,00528800
Export Support Service,Business & Professional Services,,00529100
Exporters,Business & Professional Services,,00529600
Exposition Stand Manufacturers & Designers,Business & Professional Services,,00529700
"Fairs, Expositions & Trade Shows",Business & Professional Services,,01344900
Geotechnical Engineers,Business & Professional Services,,00497300
Human Resources Consultants,Business & Professional Services,,00690500
Importers,Business & Professional Services,,00699000
Industrial & Commercial Photographers,Business & Professional Services,,00989600
Journal & Magazine Publishers,Business & Professional Services,,01076600
Management Consultants,Business & Professional Services,,00814800
Management Training & Development,Business & Professional Services,,00815320
Maps & Mapping Services,Business & Professional Services,,00820100
Marketing Consultants & Services,Business & Professional Services,,00826610
Marketing Research & Analysis,Business & Professional Services,,00826800
Mechanical Engineers,Business & Professional Services,,00498400
Mediation Service,Business & Professional Services,,00839985
Mobile Offices,Business & Professional Services,,00873400
Newspaper Distributors,Business & Professional Services,,00906600
Office Furniture & Equipment Retail & Rental,Business & Professional Services,,00919650
Office Supplies,Business & Professional Services,,00920200
Other Businesses,Business & Professional Services,,00000000
"Packaging Machines, Equipment & Supplies",Business & Professional Services,,00944500
Packaging Systems & Service,Business & Professional Services,,00944900
Packing Materials,Business & Professional Services,,00944600
Paper Boxes,Business & Professional Services,,00184600
Paper Products,Business & Professional Services,,00952600
Personnel Consultants,Business & Professional Services,,00979200
Phone Message Service,Business & Professional Services,,01294140
Photocopiers & Supplies,Business & Professional Services,,00988950
Post Offices,Business & Professional Services,,01051800
Printers,Business & Professional Services,,01063000
Printing Equipment & Supplies,Business & Professional Services,,01063600
Promotion Agencies & Services,Business & Professional Services,,01070150
Promotional Products,Business & Professional Services,,01070100
Publicity Agencies,Business & Professional Services,,01076000
Racks,Business & Professional Services,,01086200
Records & Document Destruction,Business & Professional Services,,00919800
Records & Document Storage,Business & Professional Services,,00920000
Recycling Services,Business & Professional Services,,01105990
Registered Trademark Agents,Business & Professional Services,,01344925
Research & Development Centres,Business & Professional Services,,01120225
Resume Service,Business & Professional Services,,01127400
Safes & Vaults,Business & Professional Services,,01148000
Safety Training & Consultants,Business & Professional Services,,01148200
Screen Printing,Business & Professional Services,,01169800
Seminars & Workshops,Business & Professional Services,,01180328
Stationery,Business & Professional Services,,01238700
Structural Engineers,Business & Professional Services,,00499400
Temporary Employment Agencies,Business & Professional Services,,00491600
Trade Commissions,Business & Professional Services,,01344400
Unions & Labour Organizations,Business & Professional Services,,00747000
Voice Mail Messaging Solutions,Business & Professional Services,,01408900
Arbitration Service,Business & Professional Services,Administrative & Specialty Services,00064150
Association Management,Business & Professional Services,Administrative & Specialty Services,00081000
Chartered Administrators,Business & Professional Services,Administrative & Specialty Services,00016000
Customer Relationship Management (CRM),Business & Professional Services,Administrative & Specialty Services,00399450
Economic Development,Business & Professional Services,Administrative & Specialty Services,00468760
Graphic Designers,Business & Professional Services,Administrative & Specialty Services,00648000
Lawyers,Business & Professional Services,Administrative & Specialty Services,00761600
Leasing Services,Business & Professional Services,Administrative & Specialty Services,00763000
Legal Aid,Business & Professional Services,Administrative & Specialty Services,00765450
Legal Information & Support Services,Business & Professional Services,Administrative & Specialty Services,00765855
License & Registry Services,Business & Professional Services,Administrative & Specialty Services,00769800
Notaries,Business & Professional Services,Administrative & Specialty Services,00910600
Notaries Public,Business & Professional Services,Administrative & Specialty Services,00911000
Paralegals,Business & Professional Services,Administrative & Specialty Services,00958315
Patrol & Security Guard Service,Business & Professional Services,Administrative & Specialty Services,01177675
Secretary Services,Business & Professional Services,Administrative & Specialty Services,01175800
Translation Equipment & Systems,Business & Professional Services,Administrative & Specialty Services,01351000
Translators & Interpreters,Business & Professional Services,Administrative & Specialty Services,01350800
Web Design & Development,Business & Professional Services,Administrative & Specialty Services,01423370
Ad Production,Business & Professional Services,Advertising,00019000
Advertising Agencies,Business & Professional Services,Advertising,00017190
Aerial Advertising,Business & Professional Services,Advertising,00017000
Button Advertising,Business & Professional Services,Advertising,00210050
Direct Mail Advertising,Business & Professional Services,Advertising,00017800
Directory & Guide Publishers,Business & Professional Services,Advertising,01076400
Guide & Directory Advertising,Business & Professional Services,Advertising,00018000
Indoor Advertising,Business & Professional Services,Advertising,00018200
Magazine Advertising,Business & Professional Services,Advertising,00018300
Magazine Distributors,Business & Professional Services,Advertising,00804600
Magazine Subscription Agencies,Business & Professional Services,Advertising,00804190
Media Monitoring,Business & Professional Services,Advertising,00839945
Newspaper Advertising,Business & Professional Services,Advertising,00018600
Online & Fax Advertising,Business & Professional Services,Advertising,00018150
Outdoor Advertising,Business & Professional Services,Advertising,00018800
Radio Advertising,Business & Professional Services,Advertising,00019200
Subway & Bus Advertising,Business & Professional Services,Advertising,00019800
Television Advertising,Business & Professional Services,Advertising,00019600
"Barter, Trades & Exchanges",Business & Professional Services,Associations & Organizations,00127515
Business & Trade Organizations,Business & Professional Services,Associations & Organizations,00208400
Business Brokers,Business & Professional Services,Associations & Organizations,00207600
Business Centres,Business & Professional Services,Associations & Organizations,00207625
Chambers of Commerce,Business & Professional Services,Associations & Organizations,00257456
Co-operative Organizations,Business & Professional Services,Associations & Organizations,00365300
Commissioners for Oaths,Business & Professional Services,Associations & Organizations,00322000
Domestic Help Agencies,Business & Professional Services,Associations & Organizations,00491450
Employee Leasing Service,Business & Professional Services,Associations & Organizations,00491760
Employment Training Service,Business & Professional Services,Associations & Organizations,00491950
Food Banks,Business & Professional Services,Associations & Organizations,00574600
Fundraising Consultants & Organizations,Business & Professional Services,Associations & Organizations,00596425
Government Employment Placement Agencies,Business & Professional Services,Associations & Organizations,00491800
Organizations,Business & Professional Services,Associations & Organizations,00935800
Pre-Employment Background Check,Business & Professional Services,Associations & Organizations,00491525
Bottle Caps & Seals,Business & Professional Services,"Barrels, boxes, bottles & cans",00173800
Bottles & Jars,Business & Professional Services,"Barrels, boxes, bottles & cans",00174650
Can & Bottle Return Depots,Business & Professional Services,"Barrels, boxes, bottles & cans",00173700
Caning,Business & Professional Services,"Barrels, boxes, bottles & cans",00229100
Canneries,Business & Professional Services,"Barrels, boxes, bottles & cans",00229200
Canning Equipment & Supplies,Business & Professional Services,"Barrels, boxes, bottles & cans",00229600
Cans,Business & Professional Services,"Barrels, boxes, bottles & cans",00229800
Cardboard,Business & Professional Services,"Barrels, boxes, bottles & cans",00235800
Cloth Bags,Business & Professional Services,"Barrels, boxes, bottles & cans",00116050
Fibre & Corrugated Boxes,Business & Professional Services,"Barrels, boxes, bottles & cans",00184200
Industrial Crating & Crates,Business & Professional Services,"Barrels, boxes, bottles & cans",00386800
Pails,Business & Professional Services,"Barrels, boxes, bottles & cans",00946400
Paper Bags,Business & Professional Services,"Barrels, boxes, bottles & cans",00115600
Plastic Boxes,Business & Professional Services,"Barrels, boxes, bottles & cans",00184800
Specialty Bags,Business & Professional Services,"Barrels, boxes, bottles & cans",00116000
Transparent & Plastic Bags,Business & Professional Services,"Barrels, boxes, bottles & cans",00115800
Used Boxes,Business & Professional Services,"Barrels, boxes, bottles & cans",00185000
Wooden Boxes,Business & Professional Services,"Barrels, boxes, bottles & cans",00185200
E-Commerce Solutions Providers,"Computers, Communications & Electronics",,00457850
Geographic Mapping & Geomatic Services,"Computers, Communications & Electronics",,00625850
IT Consultants,"Computers, Communications & Electronics",,00705450
Information Services,"Computers, Communications & Electronics",,00705400
Internet Broadcasting,"Computers, Communications & Electronics",,00720500
Internet Consultants,"Computers, Communications & Electronics",,00720605
Internet Product & Service Providers,"Computers, Communications & Electronics",,00720640
Answering Machines & Equipment,"Computers, Communications & Electronics",Communications Services & Equipment,01292400
Antennas,"Computers, Communications & Electronics",Communications Services & Equipment,00055600
Communication & Transmission Towers,"Computers, Communications & Electronics",Communications Services & Equipment,02000098
Computer Networking,"Computers, Communications & Electronics",Communications Services & Equipment,00328650
"Data Communication Systems, Equipment & Service","Computers, Communications & Electronics",Communications Services & Equipment,00404995
Fax Machines,"Computers, Communications & Electronics",Communications Services & Equipment,00537200
Fax Service,"Computers, Communications & Electronics",Communications Services & Equipment,00537300
Fiber Optics,"Computers, Communications & Electronics",Communications Services & Equipment,00546850
Global Positioning Systems (GPS),"Computers, Communications & Electronics",Communications Services & Equipment,00635150
"Intercom Systems, Equipment & Services","Computers, Communications & Electronics",Communications Services & Equipment,00719800
Long-Distance Phone Service,"Computers, Communications & Electronics",Communications Services & Equipment,00784925
Paging Services & Equipment,"Computers, Communications & Electronics",Communications Services & Equipment,00945800
Phone Companies,"Computers, Communications & Electronics",Communications Services & Equipment,01293600
"Phone Equipment, Systems & Service","Computers, Communications & Electronics",Communications Services & Equipment,01294125
Phone Line Installation & Repair,"Computers, Communications & Electronics",Communications Services & Equipment,01294135
Phone Music & On Hold Messages,"Computers, Communications & Electronics",Communications Services & Equipment,01294150
Prepaid Phone Cards,"Computers, Communications & Electronics",Communications Services & Equipment,01293300
Radio Communication Equipment & Systems,"Computers, Communications & Electronics",Communications Services & Equipment,01088500
Satcom Service,"Computers, Communications & Electronics",Communications Services & Equipment,01157630
"Satellite Systems, Equipment & Service","Computers, Communications & Electronics",Communications Services & Equipment,01157800
Telecommunications Consultants,"Computers, Communications & Electronics",Communications Services & Equipment,01290850
Telecommunications Equipment & Supplies,"Computers, Communications & Electronics",Communications Services & Equipment,01290813
Teleconferencing,"Computers, Communications & Electronics",Communications Services & Equipment,01290868
Telegrams & Telegraphs,"Computers, Communications & Electronics",Communications Services & Equipment,01290950
Wireless & Cell Phone Accessories,"Computers, Communications & Electronics",Communications Services & Equipment,00249596
Wireless & Cell Phone Services,"Computers, Communications & Electronics",Communications Services & Equipment,00249597
Wireless Communications,"Computers, Communications & Electronics",Communications Services & Equipment,01433400
Computer Accessories & Supplies,"Computers, Communications & Electronics",Computer Equipment,00329010
Computer Manufacturers & Wholesalers,"Computers, Communications & Electronics",Computer Equipment,00329130
Computer Renting & Leasing,"Computers, Communications & Electronics",Computer Equipment,00328770
Computer Software,"Computers, Communications & Electronics",Computer Equipment,00328930
Used & Refurbished Computer Parts,"Computers, Communications & Electronics",Computer Equipment,00328570
CD & DVD Duplication,"Computers, Communications & Electronics",Computer Services,00248700
Computer & Technology Assistance Programs,"Computers, Communications & Electronics",Computer Services,01289975
"Computer Cabling, Installation & Service","Computers, Communications & Electronics",Computer Services,00328380
Computer Consultants,"Computers, Communications & Electronics",Computer Services,00328410
Computer Data Processing,"Computers, Communications & Electronics",Computer Services,00405400
Computer Data Recovery,"Computers, Communications & Electronics",Computer Services,00328450
Computer Graphics Design & Animation,"Computers, Communications & Electronics",Computer Services,00328610
Computer Repair & Cleaning,"Computers, Communications & Electronics",Computer Services,00328810
"Computer Room Setup, Protection, Equipment & Maintenance","Computers, Communications & Electronics",Computer Services,00328850
Computer Security,"Computers, Communications & Electronics",Computer Services,00328910
Computer Stores,"Computers, Communications & Electronics",Computer Services,00328890
Computer Training Courses,"Computers, Communications & Electronics",Computer Services,00329050
Desktop Publishing Design,"Computers, Communications & Electronics",Computer Services,00418840
"Digital Photography, Printing & Imaging","Computers, Communications & Electronics",Computer Services,00426820
Multimedia,"Computers, Communications & Electronics",Computer Services,00892030
Audiometers,"Computers, Communications & Electronics",Electronics - Services & Equipment,00089000
Electronic Equipment & Supply Repair,"Computers, Communications & Electronics",Electronics - Services & Equipment,00481625
Electronic Instruments,"Computers, Communications & Electronics",Electronics - Services & Equipment,00481800
Electronic Manufacturers' Representatives,"Computers, Communications & Electronics",Electronics - Services & Equipment,00482000
Electronic Part Manufacturers & Wholesalers,"Computers, Communications & Electronics",Electronics - Services & Equipment,00481700
Electronic Research & Development,"Computers, Communications & Electronics",Electronics - Services & Equipment,00482100
Electronic Test Equipment,"Computers, Communications & Electronics",Electronics - Services & Equipment,00482200
Electronics Stores,"Computers, Communications & Electronics",Electronics - Services & Equipment,00481650
Imaging Scanning Systems & Service,"Computers, Communications & Electronics",Electronics - Services & Equipment,00696630
Radar Equipment & Supplies,"Computers, Communications & Electronics",Electronics - Services & Equipment,01086600
Anodizing,Construction & Renovation,,00055400
Architect Supplies,Construction & Renovation,,00066400
Architects,Construction & Renovation,,00066200
Architectural & Construction Specifications,Construction & Renovation,,00066600
Architectural Drawing,Construction & Renovation,,00066750
Architectural Technologists,Construction & Renovation,,00066785
Assembly & Fabricating Services,Construction & Renovation,,00080800
Brass Products,Construction & Renovation,,00188600
Building Contractors,Construction & Renovation,,00201600
Ceilings,Construction & Renovation,,00248800
"Common, Face & Interlocking Bricks",Construction & Renovation,,00191100
Construction Surveyors,Construction & Renovation,,01262050
Crane Manufacturers & Distributors,Construction & Renovation,,00386400
Culverts,Construction & Renovation,,00397600
Demolition Contractors,Construction & Renovation,,00411950
Drain & Sewer Cleaning,Construction & Renovation,,01030570
Drainage Contractors,Construction & Renovation,,00444000
Eavestroughing & Gutters,Construction & Renovation,,00460600
Electrical Equipment & Supply Manufacturers & Wholesalers,Construction & Renovation,,00477300
Electrical Equipment & Supply Stores,Construction & Renovation,,00477000
Electrical Equipment Repair & Service,Construction & Renovation,,00476795
Excavation Contractors,Construction & Renovation,,00524500
"Floor Refinishing, Laying & Resurfacing",Construction & Renovation,,00568400
Flooring Materials,Construction & Renovation,,00569200
Foundation Contractors,Construction & Renovation,,00581600
General Contractors,Construction & Renovation,,00362500
Hardware Manufacturers & Wholesalers,Construction & Renovation,,00663800
Hardware Stores,Construction & Renovation,,00663400
Home Automation Systems,Construction & Renovation,,00673550
Home Builders,Construction & Renovation,,00673600
Home Improvements & Renovations,Construction & Renovation,,01118505
Home Inspection,Construction & Renovation,,00674090
Home Maintenance & Repair,Construction & Renovation,,00674395
Land Development,Construction & Renovation,,00755000
Land Surveyors,Construction & Renovation,,01262200
Manufactured & Prefab Homes,Construction & Renovation,,00674800
Mobile Scaffolding & Platforms,Construction & Renovation,,01161400
Nails & Tacks,Construction & Renovation,,00900000
Nuts & Bolts,Construction & Renovation,,00169600
Overhead Traveling Cranes,Construction & Renovation,,00386450
Paint Manufacturers & Wholesalers,Construction & Renovation,,00947400
Paint Removal,Construction & Renovation,,00946700
Paint Stores,Construction & Renovation,,00947200
Painters,Construction & Renovation,,00947575
Painters' Tools & Equipment,Construction & Renovation,,00947600
Pile Driving,Construction & Renovation,,01002200
Pile Driving Equipment,Construction & Renovation,,01002400
Piling Contractors,Construction & Renovation,,01002600
Pipeline Construction Contractors,Construction & Renovation,,01006400
Pipes,Construction & Renovation,,01004400
Plastering Contractors,Construction & Renovation,,01020000
Plumbers & Plumbing Contractors,Construction & Renovation,,01030400
Plumbing Fixture & Supply Manufacturers & Wholesalers,Construction & Renovation,,01031200
Plumbing Fixture & Supply Stores,Construction & Renovation,,01030900
Prefab Cottages & Cabins,Construction & Renovation,,00373200
Property Maintenance,Construction & Renovation,,01070650
Pulley Blocks,Construction & Renovation,,01078600
"Regional, Rural & Urban Planners",Construction & Renovation,,01379600
Roof Structures,Construction & Renovation,,01136350
Roof Trusses,Construction & Renovation,,01364900
Roofers,Construction & Renovation,,01136026
Roofing Service Consultants,Construction & Renovation,,01136300
Siding Contractors,Construction & Renovation,,01203990
Surveying Instruments & Supplies,Construction & Renovation,,01261650
Tools,Construction & Renovation,,01335400
Transformers,Construction & Renovation,,01350600
Used Electrical Equipment,Construction & Renovation,,00477400
Aluminum,Construction & Renovation,Building Materials & Equipment,00043600
Aluminum Fabricators,Construction & Renovation,Building Materials & Equipment,00043800
Aluminum Products,Construction & Renovation,Building Materials & Equipment,00044000
Balconies,Construction & Renovation,Building Materials & Equipment,00119645
Building & House Movers,Construction & Renovation,Building Materials & Equipment,00684200
Building Material Manufacturers & Wholesalers,Construction & Renovation,Building Materials & Equipment,00202450
Building Repair & Restoration,Construction & Renovation,Building Materials & Equipment,00202550
Construction Materials & Building Supplies,Construction & Renovation,Building Materials & Equipment,00202200
Crane Parts & Rigging,Construction & Renovation,Building Materials & Equipment,00386200
Crane Rental & Service,Construction & Renovation,Building Materials & Equipment,00385800
Excavation Equipment,Construction & Renovation,Building Materials & Equipment,00524900
Expansion Joints,Construction & Renovation,Building Materials & Equipment,00526800
Fastening Equipment,Construction & Renovation,Building Materials & Equipment,00536800
Fire & Smoke Damage Restoration,Construction & Renovation,Building Materials & Equipment,00556400
Fireproofing & Firestopping,Construction & Renovation,Building Materials & Equipment,00559400
Geosynthetics,Construction & Renovation,Building Materials & Equipment,00627025
Lumber,Construction & Renovation,Building Materials & Equipment,00788800
Mantels,Construction & Renovation,Building Materials & Equipment,00818200
Marble,Construction & Renovation,Building Materials & Equipment,00820325
Masonry & Bricklaying Contractors,Construction & Renovation,Building Materials & Equipment,00828600
Masonry & Bricklaying Equipment & Supplies,Construction & Renovation,Building Materials & Equipment,00828400
Metal Buildings,Construction & Renovation,Building Materials & Equipment,00203000
Metals,Construction & Renovation,Building Materials & Equipment,00850900
Modular Construction & Housing,Construction & Renovation,Building Materials & Equipment,00203200
Mouldings,Construction & Renovation,Building Materials & Equipment,00889000
Pit & Pond Liners,Construction & Renovation,Building Materials & Equipment,00775015
Plywood & Veneers,Construction & Renovation,Building Materials & Equipment,01032600
Pre-Cut & Prefabricated Buildings,Construction & Renovation,Building Materials & Equipment,00203400
Railings & Handrails,Construction & Renovation,Building Materials & Equipment,01094200
Refractories,Construction & Renovation,Building Materials & Equipment,01107800
Retaining Walls,Construction & Renovation,Building Materials & Equipment,01127600
Screws,Construction & Renovation,Building Materials & Equipment,01171400
Siding Materials,Construction & Renovation,Building Materials & Equipment,01204000
Spindles,Construction & Renovation,Building Materials & Equipment,01231600
Stucco Contractors,Construction & Renovation,Building Materials & Equipment,01256800
Stucco Manufacturers & Distributors,Construction & Renovation,Building Materials & Equipment,01257000
Terrazzo,Construction & Renovation,Building Materials & Equipment,01308400
Used Building Materials,Construction & Renovation,Building Materials & Equipment,00202400
Ceramic Tile Dealers,Construction & Renovation,Ceramics & Tile,01319600
Ceramic Tile Installers & Contractors,Construction & Renovation,Ceramics & Tile,01319400
Ceramic Tile Manufacturers & Distributors,Construction & Renovation,Ceramics & Tile,01319800
Grouting Contractors,Construction & Renovation,Ceramics & Tile,00654400
Tile Contractors & Dealers,Construction & Renovation,Ceramics & Tile,01320000
Tile Manufacturers & Distributors,Construction & Renovation,Ceramics & Tile,01320200
Chimney Accessories & Materials,Construction & Renovation,Chimneys,00282700
Chimney Building & Repair,Construction & Renovation,Chimneys,00282200
Chimney Cleaning & Sweeping,Construction & Renovation,Chimneys,00282400
Cement Dealers,Construction & Renovation,"Concrete, Cement & Paving",00250200
Cement Finishing,Construction & Renovation,"Concrete, Cement & Paving",00250110
Cement Manufacturers & Wholesalers,Construction & Renovation,"Concrete, Cement & Paving",00250400
Concrete Additives,Construction & Renovation,"Concrete, Cement & Paving",00330400
Concrete Blocks,Construction & Renovation,"Concrete, Cement & Paving",00330700
Concrete Breaking,Construction & Renovation,"Concrete, Cement & Paving",00330900
Concrete Contractors,Construction & Renovation,"Concrete, Cement & Paving",00331800
Concrete Curing & Treating Materials,Construction & Renovation,"Concrete, Cement & Paving",00332000
Concrete Cutting & Breaking Equipment,Construction & Renovation,"Concrete, Cement & Paving",00331200
Concrete Drilling & Sawing,Construction & Renovation,"Concrete, Cement & Paving",00332100
Concrete Formers,Construction & Renovation,"Concrete, Cement & Paving",00331600
Concrete Forms & Accessories,Construction & Renovation,"Concrete, Cement & Paving",00331400
Concrete Inspection,Construction & Renovation,"Concrete, Cement & Paving",00332500
Concrete Mixers,Construction & Renovation,"Concrete, Cement & Paving",00332600
Concrete Products,Construction & Renovation,"Concrete, Cement & Paving",00333400
Concrete Pumping,Construction & Renovation,"Concrete, Cement & Paving",00333600
Concrete Reinforcements,Construction & Renovation,"Concrete, Cement & Paving",00334000
"Concrete Repair, Sealing & Restoration",Construction & Renovation,"Concrete, Cement & Paving",00334070
Granite,Construction & Renovation,"Concrete, Cement & Paving",00647800
Gratings,Construction & Renovation,"Concrete, Cement & Paving",00649200
Gypsum Products,Construction & Renovation,"Concrete, Cement & Paving",00658010
Pavement Marking,Construction & Renovation,"Concrete, Cement & Paving",00968000
Pavement Sealing,Construction & Renovation,"Concrete, Cement & Paving",00968200
Paving Contractors,Construction & Renovation,"Concrete, Cement & Paving",00968400
Paving Equipment & Materials,Construction & Renovation,"Concrete, Cement & Paving",00968825
Pointing & Jointing,Construction & Renovation,"Concrete, Cement & Paving",01367800
Prestressed Concrete,Construction & Renovation,"Concrete, Cement & Paving",00333200
Ready-Mixed Concrete,Construction & Renovation,"Concrete, Cement & Paving",00333800
Shotcrete,Construction & Renovation,"Concrete, Cement & Paving",01202500
Correspondence Courses & Schools,Education,Academic,01165600
Elementary & High Schools,Education,Academic,01165000
Kindergartens & Pre-school Nurseries,Education,Academic,01165200
Learn,Education,Academic,00762950
Post-Secondary Schools,Education,Academic,01164800
Scholarships Plans,Education,Academic,01163040
Sewing Courses & Schools,Education,Academic,01190240
Special Purpose Academic Schools,Education,Academic,01165400
Tutoring,Education,Academic,01370800
Universities,Education,Academic,02000087
Libraries,Education,Libraries,00768675
Library Research Service,Education,Libraries,00769400
Chalkboards,Education,Services & Supplies,00257430
Educational Consultants,Education,Services & Supplies,00471000
School Furniture & Equipment,Education,Services & Supplies,01163200
School Supplies,Education,Services & Supplies,01163400
Teaching Aids & Educational Supplies,Education,Services & Supplies,00471400
Aircraft & Flight Schools,Education,Specialized Schools,00034450
Culinary Schools & Cooking Classes,Education,Specialized Schools,00396850
"Educational, Philanthropic & Research Foundations",Education,Specialized Schools,00581795
Fashion Modeling Courses & Schools,Education,Specialized Schools,01166550
First Aid Courses,Education,Specialized Schools,00560235
Hairdressing & Beauty Courses & Schools,Education,Specialized Schools,01166200
Image Consultants,Education,Specialized Schools,00696560
Language Courses & Schools,Education,Specialized Schools,01166400
Literacy Courses,Education,Specialized Schools,00777960
Massage Therapy Courses & Schools,Education,Specialized Schools,01166470
Nursing Courses & Schools,Education,Specialized Schools,01166800
Performing Arts Schools,Education,Specialized Schools,01167000
Psychoeducation,Education,Specialized Schools,01071755
Public Speaking Courses & Consultants,Education,Specialized Schools,01072600
Reading Improvement,Education,Specialized Schools,01099250
Special Purpose Courses & Schools,Education,Specialized Schools,01167283
Trade & Technical Schools,Education,Specialized Schools,01167400
Auditoriums & Halls,Entertainment & Media,,00660600
Bars,Entertainment & Media,,00126870
Cable TV Providers,Entertainment & Media,,00213050
Carnival Supplies,Entertainment & Media,,00237000
Carnivals,Entertainment & Media,,00237200
Casino Organizations,Entertainment & Media,,00245425
Casinos,Entertainment & Media,,00245525
Circus Troupes,Entertainment & Media,,00297350
Clubs,Entertainment & Media,,00308002
Convention & Party Decorators,Entertainment & Media,,00408860
Dancing & Singing Telegrams,Entertainment & Media,,01290925
Discos,Entertainment & Media,,00428600
Dj Service,Entertainment & Media,,00428200
Festivals,Entertainment & Media,,00544100
Lottery Tickets,Entertainment & Media,,00785200
Movie Theatres,Entertainment & Media,,01313800
Music Lessons & Schools,Entertainment & Media,,00895000
Music Stores,Entertainment & Media,,00895700
Musical Instrument Repair,Entertainment & Media,,00896390
Musical Instrument Stores,Entertainment & Media,,00896200
News Services,Entertainment & Media,,00906400
Newspapers,Entertainment & Media,,00907000
Night Clubs,Entertainment & Media,,00907600
Parade Floats & Decorations,Entertainment & Media,,00958300
Party Planning Service,Entertainment & Media,,00961800
Party Supplies,Entertainment & Media,,00962000
Party Supply Rental,Entertainment & Media,,00962050
Piano Lessons & Stores,Entertainment & Media,,00997002
Pubs,Entertainment & Media,,01077200
Radio Sales & Repair,Entertainment & Media,,01089900
Radio Station Representatives,Entertainment & Media,,01090600
Radio Stations & Broadcasting Companies,Entertainment & Media,,01090800
"Sports, Entertainment & Concert Ticket Sales",Entertainment & Media,,01318950
Stereo Equipment Sales & Services,Entertainment & Media,,01246800
Taverns,Entertainment & Media,,01285800
Television Rental,Entertainment & Media,,01298200
Television Sales & Services,Entertainment & Media,,01298800
Television Stations & Broadcasting Companies,Entertainment & Media,,01299800
Theatres,Entertainment & Media,,01313600
Theatrical & Halloween Costumes & Masks,Entertainment & Media,,00372000
Theatrical Equipment & Supplies,Entertainment & Media,,01314000
Theatrical Managers & Producers,Entertainment & Media,,01314200
Video Production,Entertainment & Media,,01404879
Video Stores,Entertainment & Media,,01404837
Weather Forecast Service,Entertainment & Media,,01422600
Wedding Planners & Wedding Planning Supplies,Entertainment & Media,,01423600
Adult Entertainment,Entertainment & Media,Adult Entertainment,00505850
Introduction & Dating Services,Entertainment & Media,Adult Entertainment,00405830
Sex Shops,Entertainment & Media,Adult Entertainment,01191035
Literary Agents,Entertainment & Media,"Agents, agencies and organizations",00778000
Modelling Agencies,Entertainment & Media,"Agents, agencies and organizations",00874600
Amusement Machines & Supplies,Entertainment & Media,Amusement Centres,00047800
Amusement Places,Entertainment & Media,Amusement Centres,00048000
Arcades,Entertainment & Media,Amusement Centres,02000099
Arts & Cultural Organizations & Centres,Entertainment & Media,Artists & Entertainers,00077040
Clowns,Entertainment & Media,Artists & Entertainers,00307740
Concert Bureaus,Entertainment & Media,Artists & Entertainers,00329800
Entertainment Bureaus,Entertainment & Media,Artists & Entertainers,00506000
Family Entertainment,Entertainment & Media,Artists & Entertainers,00505900
Magicians,Entertainment & Media,Artists & Entertainers,00805200
Magicians' & Jugglers' Equipment & Supplies,Entertainment & Media,Artists & Entertainers,00805400
Opera Companies,Entertainment & Media,Artists & Entertainers,00928350
Theatrical & Talent Agencies,Entertainment & Media,Artists & Entertainers,01314215
Animal Medications,Family & Community,,00050000
"Bird Houses, Feeders & Supplies",Family & Community,,00153900
Pet Food & Supply Stores,Family & Community,,00980185
Veterinary Equipment & Supplies,Family & Community,,01403000
Adoption Agencies & Services,Family & Community,Children & Child Care,00016250
Baby Diaper Service,Family & Community,Children & Child Care,00423400
Baby Furniture Stores,Family & Community,Children & Child Care,00113350
Baby Products & Accessories,Family & Community,Children & Child Care,00112420
Babysitting Services,Family & Community,Children & Child Care,00113600
Breastfeeding Information & Supplies,Family & Community,Children & Child Care,00189445
Child Care Equipment & Supplies,Family & Community,Children & Child Care,00280995
Childcare Services,Family & Community,Children & Child Care,00280985
Children's Service & Activity Information,Family & Community,Children & Child Care,00281500
Diapers,Family & Community,Children & Child Care,00423600
Nannies,Family & Community,Children & Child Care,00900320
Prenatal Classes & Exercises,Family & Community,Children & Child Care,01058400
Aboriginal & First Nations Organizations,Family & Community,Community Services & Organizations,00001250
Cemeteries,Family & Community,Community Services & Organizations,00250600
Charity & Nonprofit Organizations,Family & Community,Community Services & Organizations,00262495
Church Supplies & Furnishings,Family & Community,Community Services & Organizations,00288875
Churches & Other Places of Worship,Family & Community,Community Services & Organizations,00289200
Clergy,Family & Community,Community Services & Organizations,00302200
Community Care & Adult Care Facilities,Family & Community,Community Services & Organizations,00323475
Community Service & Charitable Organizations,Family & Community,Community Services & Organizations,00262450
Crematoriums & Cremation Services,Family & Community,Community Services & Organizations,00389800
Divorce Information,Family & Community,Community Services & Organizations,00433200
Funeral Alternatives,Family & Community,Community Services & Organizations,00597000
Funeral Homes,Family & Community,Community Services & Organizations,00597275
Funeral Planning,Family & Community,Community Services & Organizations,00597400
Funeral Supplies,Family & Community,Community Services & Organizations,00597550
Funeral Urns,Family & Community,Community Services & Organizations,00597650
Gay & Lesbian Organizations,Family & Community,Community Services & Organizations,00619210
Homemaker Service,Family & Community,Community Services & Organizations,00674475
Hospices,Family & Community,Community Services & Organizations,00680550
"Marriage, Individual & Family Counsellors",Family & Community,Community Services & Organizations,00828000
Mausoleums,Family & Community,Community Services & Organizations,00837000
Men's Organizations & Services,Family & Community,Community Services & Organizations,00843583
Messianic Synagogues,Family & Community,Community Services & Organizations,01267445
Missions,Family & Community,Community Services & Organizations,00871600
Monuments & Tombstones,Family & Community,Community Services & Organizations,00879300
Mosques,Family & Community,Community Services & Organizations,00880460
Political Organizations & Representatives,Family & Community,Community Services & Organizations,01041650
Religious Organizations & Church Groups,Family & Community,Community Services & Organizations,01114400
Rest Homes,Family & Community,Community Services & Organizations,01125000
Retirement Homes & Communities,Family & Community,Community Services & Organizations,01127800
Retreat Houses,Family & Community,Community Services & Organizations,01128000
Senior Citizen Services & centres,Family & Community,Community Services & Organizations,01180360
Social & Human Service Organizations,Family & Community,Community Services & Organizations,01219170
Social Workers,Family & Community,Community Services & Organizations,01219800
Synagogues,Family & Community,Community Services & Organizations,01267400
Wedding Chapels,Family & Community,Community Services & Organizations,01423550
Women's Organizations & Services,Family & Community,Community Services & Organizations,01434564
City Halls,Family & Community,Government agencies and services,00298180
Consulates,Family & Community,Government agencies and services,00353200
County Government,Family & Community,Government agencies and services,00643800
Crime Information Service,Family & Community,Government agencies and services,00391700
Embassies,Family & Community,Government agencies and services,00488200
Federal Government,Family & Community,Government agencies and services,00644000
Fingerprinting Services & Equipment,Family & Community,Government agencies and services,00555840
Identification Cards,Family & Community,Government agencies and services,00695600
Municipal Government,Family & Community,Government agencies and services,00644200
Naturalization & Immigration Consultants,Family & Community,Government agencies and services,00698000
Passport & Visa Services,Family & Community,Government agencies and services,00962700
Provincial Government,Family & Community,Government agencies and services,00644400
Public Affairs & Government Relations Consultants,Family & Community,Government agencies and services,00644550
Regional Government,Family & Community,Government agencies and services,00644500
Welcoming Services For Newcomers,Family & Community,Government agencies and services,01424400
Animal Breeders,Family & Community,Pet Services,00049400
Animal Shelters & Protection Services,Family & Community,Pet Services,00050520
Aquariums & Supplies,Family & Community,Pet Services,00063925
Dog Breeders,Family & Community,Pet Services,00434600
Dog Training & Pet Obedience Schools,Family & Community,Pet Services,00981200
Feed Dealers,Family & Community,Pet Services,00538200
Kennels,Family & Community,Pet Services,00740000
Pet Care Services,Family & Community,Pet Services,00979785
"Pet Cemeteries, Crematoriums & Supplies",Family & Community,Pet Services,00979850
Pet Food & Supply Manufacturers & Wholesalers,Family & Community,Pet Services,00980190
"Pet Grooming, Clipping & Washing",Family & Community,Pet Services,00980248
Pet Health Plans & Medical Insurance,Family & Community,Pet Services,00980295
Pet Shops,Family & Community,Pet Services,00980600
Pet Sitting Service,Family & Community,Pet Services,00980700
Pet Transporting,Family & Community,Pet Services,00981400
Veterinarians,Family & Community,Pet Services,01402800
Wildlife & Animal Control,Family & Community,Pet Services,00050580
Bankruptcy Lawyers,Finance & Legal,,02000004
Business Lawyers,Finance & Legal,,02000005
Collection Agencies,Finance & Legal,,00316600
Contract Lawyers,Finance & Legal,,02000006
Credit & Debt Counselling,Finance & Legal,,00389120
Credit Card Protection Services,Finance & Legal,,00388400
Credit Reports,Finance & Legal,,00389205
Credit Unions,Finance & Legal,,00389400
"Credit, Debit & Loyalty Card Payment Systems",Finance & Legal,,00389100
Criminal Lawyers,Finance & Legal,,02000007
Employment Lawyers,Finance & Legal,,02000008
Estate Lawyers,Finance & Legal,,02000009
Family Lawyers,Finance & Legal,,02000010
Financial Planning Consultants,Finance & Legal,,00555300
Forensic Services,Finance & Legal,,00578630
Human Rights Lawyers,Finance & Legal,,02000011
Immigration Lawyers,Finance & Legal,,02000012
Intellectual Property Lawyers,Finance & Legal,,02000013
Lawyer Referral Service,Finance & Legal,,00761800
Loans,Finance & Legal,,00782200
Mortgage Brokers,Finance & Legal,,00879625
Mortgages,Finance & Legal,,00879800
Payday Loans & Cash Advances,Finance & Legal,,00969060
Payday Loans & Cash Advances,Finance & Legal,,00518850
Personal Injury Lawyers,Finance & Legal,,02000014
Property Lawyers,Finance & Legal,,02000015
Real Estate Lawyers,Finance & Legal,,02000016
Registered Patent Agents,Finance & Legal,,00963600
Retirement Planning Consultants,Finance & Legal,,01127820
Tax Consultants,Finance & Legal,,01285900
Tax Lawyers,Finance & Legal,,02000017
Tax Return Preparation,Finance & Legal,,01286200
Traffic Lawyers,Finance & Legal,,02000018
Accountants,Finance & Legal,Accounting Services,00002190
Accounting Services,Finance & Legal,Accounting Services,00005650
Assayers,Finance & Legal,Accounting Services,00080200
Bookkeeping Software & Accounting Systems,Finance & Legal,Accounting Services,00005600
Chartered Professional Accountants (CPA),Finance & Legal,Accounting Services,00003110
Inventory Service,Finance & Legal,Accounting Services,00721600
Payroll Service,Finance & Legal,Accounting Services,00969100
Annuities,Finance & Legal,Banks & Financial Services,00055000
Banks,Finance & Legal,Banks & Financial Services,00122200
Bill Payment Services,Finance & Legal,Banks & Financial Services,00150850
Bookkeeping,Finance & Legal,Banks & Financial Services,00172200
Business Valuation,Finance & Legal,Banks & Financial Services,00208425
Caisses Populaires,Finance & Legal,Banks & Financial Services,00218202
Cheque Cashing Service,Finance & Legal,Banks & Financial Services,00277760
Factoring,Finance & Legal,Banks & Financial Services,00533000
Financing,Finance & Legal,Banks & Financial Services,00555400
Financing Consultants,Finance & Legal,Banks & Financial Services,00555600
Franchising,Finance & Legal,Banks & Financial Services,00589000
Holding Companies,Finance & Legal,Banks & Financial Services,00673200
Incorporating Companies,Finance & Legal,Banks & Financial Services,00703475
Insolvency Consultants,Finance & Legal,Banks & Financial Services,00713475
Investigators,Finance & Legal,Banks & Financial Services,00722000
Licensed Insolvency Trustees,Finance & Legal,Banks & Financial Services,00769850
Loss Prevention Consultants,Finance & Legal,Banks & Financial Services,00785100
Money Order & Transfer Service,Finance & Legal,Banks & Financial Services,00875210
Pawnbrokers,Finance & Legal,Banks & Financial Services,00969000
Pension Plans & Profit Sharing Programs,Finance & Legal,Banks & Financial Services,00975000
Automated Teller Manufacturers & Wholesalers,Finance & Legal,Financial industry - Supplies,00092075
Bank Equipment & Supplies,Finance & Legal,Financial industry - Supplies,00121800
Business Forms & Systems,Finance & Legal,Financial industry - Supplies,00208000
Point of Sale Systems & Cash Registers,Finance & Legal,Financial industry - Supplies,00245200
Investment Advisory Services,Finance & Legal,Investment services,00722201
Investment Dealers,Finance & Legal,Investment services,00722600
Miscellaneous Investments,Finance & Legal,Investment services,00723200
Mutual Funds,Finance & Legal,Investment services,00899800
Stock & Bond Brokers,Finance & Legal,Investment services,01249200
Stock Markets,Finance & Legal,Investment services,01249800
Stock Quote Systems,Finance & Legal,Investment services,01250000
Trust Companies,Finance & Legal,Investment services,01365000
"Alcohol, Liquor & Food Delivery",Food & Beverages,,00777650
Banquet Rooms,Food & Beverages,,00123200
Bartender & Host Services,Food & Beverages,,00127200
Brasseries,Food & Beverages,,00188700
Breakfast Restaurants,Food & Beverages,,02000028
Buffets,Food & Beverages,,02000029
Butcher Shops,Food & Beverages,,00208600
Cafes Terraces,Food & Beverages,,00217450
Cake Making Supplies & Decorations,Food & Beverages,,00218565
Caterers,Food & Beverages,,00247200
Chinese Food Restaurants,Food & Beverages,,00283800
Coffee Shops,Food & Beverages,,00312000
Coffee Stores,Food & Beverages,,00312200
Convenience Stores,Food & Beverages,,00363400
Farmers Markets,Food & Beverages,,00535550
Fast Food Restaurants,Food & Beverages,,02000020
Fish & Chips,Food & Beverages,,00560600
Fish & Seafood Stores,Food & Beverages,,00562000
Fruit & Vegetable Stores,Food & Beverages,,00594600
Gourmet Food Shops,Food & Beverages,,00642200
Grocery Stores,Food & Beverages,,00654100
Health Food Stores,Food & Beverages,,00666480
Indian Restaurants,Food & Beverages,,02000044
Internet Cafes,Food & Beverages,,00720540
Italian Restaurants,Food & Beverages,,02000045
Korean Restaurants,Food & Beverages,,02000050
Licensed Lounges,Food & Beverages,,00785275
Natural & Organic Food Stores,Food & Beverages,,00901315
Pizza & Pizzerias,Food & Beverages,,01012401
Restaurant Menu Services,Food & Beverages,,00843600
Restaurants,Food & Beverages,,01125710
Rotisseries & Chicken Restaurants,Food & Beverages,,00280450
Sushi & Japanese Restaurants,Food & Beverages,,01263410
Take-Out Food,Food & Beverages,,00577000
Tea Rooms,Food & Beverages,,01288860
Wine Making & Beer Brewing Equipment,Food & Beverages,,01430800
Beer & Ale,Food & Beverages,Alcoholic Beverages,00138600
Brewers,Food & Beverages,Alcoholic Beverages,00190600
Cider Makers,Food & Beverages,Alcoholic Beverages,00290200
Microbreweries,Food & Beverages,Alcoholic Beverages,00864760
Spirit & Liquor Stores,Food & Beverages,Alcoholic Beverages,00777800
Wineries,Food & Beverages,Alcoholic Beverages,01431400
Wines & Spirits,Food & Beverages,Alcoholic Beverages,01431500
Cheese,Food & Beverages,Dairy Products,00272800
Dairies,Food & Beverages,Dairy Products,00402800
Dairy Product Wholesalers,Food & Beverages,Dairy Products,00403400
Dairy Stores,Food & Beverages,Dairy Products,00403200
Ice Cream & Frozen Dessert Manufacturers & Wholesalers,Food & Beverages,Dairy Products,00694650
Ice Cream & Frozen Dessert Stores,Food & Beverages,Dairy Products,00694625
Ice Cream Cones,Food & Beverages,Dairy Products,00694200
Yogurt,Food & Beverages,Dairy Products,01441730
Bagels,Food & Beverages,Desserts & Bakery Products,00115050
Baked Goods Wholesalers,Food & Beverages,Desserts & Bakery Products,00117900
Bakeries,Food & Beverages,Desserts & Bakery Products,00117000
Cakes,Food & Beverages,Desserts & Bakery Products,00218585
Candy & Confectionery Manufacturers & Wholesalers,Food & Beverages,Desserts & Bakery Products,00228400
Candy & Confectionery Stores,Food & Beverages,Desserts & Bakery Products,00228000
Cookies,Food & Beverages,Desserts & Bakery Products,00364700
Donuts,Food & Beverages,Desserts & Bakery Products,00436875
Pastry Shops,Food & Beverages,Desserts & Bakery Products,00963000
Pastry Wholesalers,Food & Beverages,Desserts & Bakery Products,00963090
Beverage Dealers,Food & Beverages,Food Products,00145100
Biomedical Products,Food & Beverages,Food Products,00153200
Bulk & Bottled Water,Food & Beverages,Food Products,01418200
Bulk Foods,Food & Beverages,Food Products,00203530
Chinese Food Manufacturers & Distributors,Food & Beverages,Food Products,00284200
Chips,Food & Beverages,Food Products,00284400
Chocolate,Food & Beverages,Food Products,00287190
Coffee Wholesalers,Food & Beverages,Food Products,00312400
Dried Fruits,Food & Beverages,Food Products,00593400
Eggs,Food & Beverages,Food Products,00471800
Food Products,Food & Beverages,Food Products,00576000
Frozen Food Wholesalers,Food & Beverages,Food Products,00592600
Grocery Wholesalers,Food & Beverages,Food Products,00654000
Health Food Manufacturers & Wholesalers,Food & Beverages,Food Products,00666482
Honey,Food & Beverages,Food Products,00675400
Ice,Food & Beverages,Food Products,00694000
Jams & Jellies,Food & Beverages,Food Products,00726850
Malt & Hops,Food & Beverages,Food Products,00814400
"Maple Syrup, Sugar & Products",Food & Beverages,Food Products,00819900
Nuts,Food & Beverages,Food Products,00916100
Organic Products,Food & Beverages,Food Products,00934560
Pasta,Food & Beverages,Food Products,00962875
Popcorn,Food & Beverages,Food Products,01045200
Rice,Food & Beverages,Food Products,01129400
Salt,Food & Beverages,Food Products,01154050
Seaweed Products,Food & Beverages,Food Products,01174700
Spices & Sauces,Food & Beverages,Food Products,01231450
Sugar Refiners,Food & Beverages,Food Products,01259000
Yeast,Food & Beverages,Food Products,01440600
Abortion Clinics & Services,Health & Medicine,,00001375
Addiction Treatments & Information,Health & Medicine,,00013429
Allergy Medications & Services,Health & Medicine,,00041985
Audiologists,Health & Medicine,,00088250
Blood Donation Centres & Clinics,Health & Medicine,,00158000
CLSC,Health & Medicine,,00307755
Care Homes,Health & Medicine,,00675210
Chiropractors DC,Health & Medicine,,00285000
Clinics,Health & Medicine,,00303800
Cosmetic & Plastic Surgery,Health & Medicine,,00370200
Elderly People Homes,Health & Medicine,,00674600
Hearing Aid Acousticians,Health & Medicine,,00666600
Hearing Aids,Health & Medicine,,00666800
Hospital Equipment & Supplies,Health & Medicine,,00681000
Hospitals & Medical Centres,Health & Medicine,,00681600
"Insomnia, Apnea & Other Sleep Disorders",Health & Medicine,,01214100
Integrated Health & Social Service Centres (CISSS),Health & Medicine,,00666550
Medical & Dental X-Ray Laboratories,Health & Medicine,,01439200
Medical Clinics,Health & Medicine,,00304200
Medical Information & Support Services,Health & Medicine,,00840125
Mental Health Services & Counseling centres,Health & Medicine,,00843595
Midwives & Doulas,Health & Medicine,,00865900
Nurses' Registry,Health & Medicine,,00914900
Nursing Homes,Health & Medicine,,00915400
Occupational Therapists,Health & Medicine,,00916700
Organ & Tissue Banks,Health & Medicine,,00934400
Orthopedic Appliances,Health & Medicine,,00937600
Pharmacies,Health & Medicine,,00984601
Pharmacists,Health & Medicine,,00986000
Physicians & Surgeons,Health & Medicine,,00994600
Physiotherapists,Health & Medicine,,00996200
Physiotherapists & Physical Rehabilitation,Health & Medicine,,00996290
Podiatrists,Health & Medicine,,01035000
Podologists,Health & Medicine,,01035250
Prosthetist-Orthotists,Health & Medicine,,00937300
Psychologists,Health & Medicine,,01072000
Psychologists & Psychologist Associates,Health & Medicine,,01072050
Psychotherapy,Health & Medicine,,01072240
Rehabilitation Services,Health & Medicine,,01112800
Resource Teachers,Health & Medicine,,01124100
Speech-Language Pathologists,Health & Medicine,,01230586
Weight Control Services & Clinics,Health & Medicine,,01424300
Wheelchairs,Health & Medicine,,01426600
Acupuncturists,Health & Medicine,Alternative Health Care,00013400
Astrologers & Psychics,Health & Medicine,Alternative Health Care,00085200
Herbalists & Herbal Products,Health & Medicine,Alternative Health Care,00671420
Holistic Health Care,Health & Medicine,Alternative Health Care,00673250
Homeopathy,Health & Medicine,Alternative Health Care,00674550
Hypnosis & Hypnotherapy,Health & Medicine,Alternative Health Care,00693800
Lasers,Health & Medicine,Alternative Health Care,00758200
Meditation Courses & Services,Health & Medicine,Alternative Health Care,00841102
Naturopathic Doctors,Health & Medicine,Alternative Health Care,00901680
Naturotherapists,Health & Medicine,Alternative Health Care,00901900
Orthotherapists,Health & Medicine,Alternative Health Care,00938100
Osteopaths,Health & Medicine,Alternative Health Care,00938400
Osteopathy,Health & Medicine,Alternative Health Care,00938410
Dental Clinics & Centres,Health & Medicine,Dental Care,00303900
Dental Hygienists,Health & Medicine,Dental Care,00412750
Dental Laboratories,Health & Medicine,Dental Care,00412800
Dental Technicians,Health & Medicine,Dental Care,00413200
Dentists,Health & Medicine,Dental Care,00414600
Denturists,Health & Medicine,Dental Care,00415100
Emergency Dental Services,Health & Medicine,Dental Care,02000071
Endodontists,Health & Medicine,Dental Care,02000072
Oral And Maxillofacial Surgeons,Health & Medicine,Dental Care,02000073
Orthodontists,Health & Medicine,Dental Care,02000074
Pediatric Dentists,Health & Medicine,Dental Care,02000075
Periodontists,Health & Medicine,Dental Care,02000076
Prosthodontists,Health & Medicine,Dental Care,02000077
Teeth Whitening Services,Health & Medicine,Dental Care,02000078
Contact Lenses,Health & Medicine,Eye Care & Eyewear,00360175
Eyeglasses & Eyewear,Health & Medicine,Eye Care & Eyewear,00531750
Laser Vision Correction,Health & Medicine,Eye Care & Eyewear,00757685
Ophthalmologists,Health & Medicine,Eye Care & Eyewear,00928600
Optical Laboratories,Health & Medicine,Eye Care & Eyewear,00929200
Optical Products,Health & Medicine,Eye Care & Eyewear,00928940
Opticians,Health & Medicine,Eye Care & Eyewear,00929400
Optometrists,Health & Medicine,Eye Care & Eyewear,00931000
Prosthetic & Artifical Eyes,Health & Medicine,Eye Care & Eyewear,00917475
Sunglasses,Health & Medicine,Eye Care & Eyewear,01259625
Vision & Eye Care,Health & Medicine,Eye Care & Eyewear,00531690
Dietitians,Health & Medicine,Fitness & Weight Loss,00426400
Dietitians & Nutritionists,Health & Medicine,Fitness & Weight Loss,00426410
Exercise Equipment,Health & Medicine,Fitness & Weight Loss,00526195
Fitness Gyms,Health & Medicine,Fitness & Weight Loss,00666405
Fitness Program Consultants,Health & Medicine,Fitness & Weight Loss,00666450
Gymnasium Equipment & Supplies,Health & Medicine,Fitness & Weight Loss,00657590
Kinesiologists,Health & Medicine,Fitness & Weight Loss,02000003
Nutrition Consultants,Health & Medicine,Fitness & Weight Loss,00915800
Personal Trainers,Health & Medicine,Fitness & Weight Loss,00978900
Pilates Classes & Studios,Health & Medicine,Fitness & Weight Loss,01002155
Skating Instruction & Clubs,Health & Medicine,Fitness & Weight Loss,01210370
Yoga Courses & Schools,Health & Medicine,Fitness & Weight Loss,01441000
Air Conditioning Contractors,Home & Garden,,00029200
Air Conditioning Repair & Cleaning,Home & Garden,,00030250
Air Conditioning Systems & Parts,Home & Garden,,00030270
Air Purifiers,Home & Garden,,00032450
Awning & Canopy Sales & Service,Home & Garden,,00111300
Bathroom Accessories,Home & Garden,,00131200
Bathroom Renovations,Home & Garden,,00131400
Bathtub Refinishing & Repairing,Home & Garden,,00131850
Carpet & Rug Cleaning,Home & Garden,,00238200
Carpet & Rug Cleaning Equipment Rental,Home & Garden,,00238400
Carpet & Rug Manufacturers & Distributors,Home & Garden,,00239205
Carpet Cleaning Equipment & Supplies,Home & Garden,,00238600
Carpet Installers,Home & Garden,,00237800
Cast Stone,Home & Garden,,01250600
Central Vacuum Systems,Home & Garden,,01382000
Coffee Machines & Roasting Equipment,Home & Garden,,00311675
Cold & Heat Insulation Contractors,Home & Garden,,00716000
Cooking Utensils,Home & Garden,,00364800
Counter Tops,Home & Garden,,00375200
Curtains & Draperies,Home & Garden,,00444803
Custom Furniture Designers & Builders,Home & Garden,,00603600
Decks,Home & Garden,,00408000
Decorative Ceramic Products,Home & Garden,,00252600
Door & Window Screens,Home & Garden,,01170600
Door Repair & Service,Home & Garden,,00440395
Doors & Windows,Home & Garden,,00440790
Duct Cleaning,Home & Garden,,00454545
Electricians & Electrical Contractors,Home & Garden,,00476200
Fences,Home & Garden,,00539300
Fire Alarm Systems,Home & Garden,,00556200
Fire Extinguishers,Home & Garden,,00557200
Fire Protection Equipment,Home & Garden,,00558000
Fireplaces,Home & Garden,,00559200
Fuel Oil,Home & Garden,,00924800
Furnaces,Home & Garden,,00601600
Furniture Cleaning,Home & Garden,,00602400
Furniture Manufacturers & Wholesalers,Home & Garden,,00606100
"Furniture Refinishing, Stripping & Repair",Home & Garden,,00605400
Furniture Stores,Home & Garden,,00605600
Garbage Collection,Home & Garden,,00611700
Garden Centres,Home & Garden,,00613400
Gardening Equipment & Supplies,Home & Garden,,00613600
Generators,Home & Garden,,00624600
"Glass (Plate, Window & Door)",Home & Garden,,00633275
Heat Pump Systems,Home & Garden,,00667600
Heating Contractors,Home & Garden,,00669200
Heating Systems & Equipment,Home & Garden,,00669590
Heavy Hauling Movers,Home & Garden,,00891250
Home Cleaning,Home & Garden,,00684100
Home Decor & Accessories,Home & Garden,,00673650
Home Designers,Home & Garden,,00673750
Home Staging,Home & Garden,,00674420
Home Vacuum Cleaners,Home & Garden,,01381200
Hot Tubs & Spas,Home & Garden,,00681700
Household Fans,Home & Garden,,00534000
Housewares,Home & Garden,,00685375
Interior Decorators,Home & Garden,,00720200
Interior Designers,Home & Garden,,00720300
Interlocking Stone,Home & Garden,,00720415
Kitchen Accessories,Home & Garden,,00741700
Kitchen Cabinets,Home & Garden,,00741800
Kitchen Planning & Remodelling,Home & Garden,,00742100
Knives & Cutlery,Home & Garden,,00743300
Lamp & Lampshade Stores,Home & Garden,,00751500
Landscape Architects,Home & Garden,,00755800
Landscape Contractors & Designers,Home & Garden,,00756000
Landscaping Equipment & Supplies,Home & Garden,,00756200
Lawn Maintenance,Home & Garden,,00761000
Lawn Mowers,Home & Garden,,00761100
Light Bulbs & Tubes,Home & Garden,,00770600
Lighting Consultants & Contractors,Home & Garden,,00771400
Lighting Equipment & Systems,Home & Garden,,00772800
Lighting Fixture Manufacturers & Wholesalers,Home & Garden,,00772400
Lighting Fixture Parts & Supplies,Home & Garden,,00772200
Lighting Fixture Repair & Maintenance,Home & Garden,,00771800
Lighting Stores,Home & Garden,,00772000
Locksmiths & Locks,Home & Garden,,00783100
Maid & Butler Service,Home & Garden,,00807780
Mirror Retailers,Home & Garden,,00870800
Moving Equipment & Supplies,Home & Garden,,00891230
Moving Services & Storage Facilities,Home & Garden,,00891210
Natural Stone,Home & Garden,,01251000
Nurseries & Tree Growers,Home & Garden,,00914200
Overhead & Garage Doors,Home & Garden,,00439400
Patios,Home & Garden,,00965501
Pest Control Products,Home & Garden,,00979670
Pest Control Services,Home & Garden,,00979700
Piano & Organ Moving,Home & Garden,,00996900
Picture Frame Dealers,Home & Garden,,00998800
Picture Frame Manufacturers & Wholesalers,Home & Garden,,00999000
Portable Air Conditioners,Home & Garden,,00029050
Propane Gas Sales & Service,Home & Garden,,01070510
Propane Gas Tanks & Refills,Home & Garden,,01070540
Sauna Equipment & Supplies,Home & Garden,,01158800
Security Alarm System Manufacturers & Wholesalers,Home & Garden,,00206160
Security Alarm Systems,Home & Garden,,00206100
Security Control Systems & Equipment,Home & Garden,,01177600
Self-Storage,Home & Garden,,01252110
Septic Tank Cleaning,Home & Garden,,01181025
Shower Enclosures & Doors,Home & Garden,,01203400
Shutters,Home & Garden,,01203800
Snow Blowers,Home & Garden,,01217700
Snow Removal,Home & Garden,,01217600
Swimming Pool Contractors & Dealers,Home & Garden,,01265200
Swimming Pool Maintenance,Home & Garden,,01266000
Swimming Pool Supplies & Equipment,Home & Garden,,01265600
Temporary Garage Shelters,Home & Garden,,00610560
Topsoil,Home & Garden,,01337200
Tree Service,Home & Garden,,01357200
Upholsterers,Home & Garden,,01378800
Upholstery Cleaners,Home & Garden,,01379327
Used Furniture Stores,Home & Garden,,00606000
Vacuum Cleaner Parts & Accessories,Home & Garden,,01381600
Ventilation Equipment,Home & Garden,,01392700
Vinyl Windows,Home & Garden,,01430340
Wallpaper & Wall Covering Contractors,Home & Garden,,01413362
Wallpaper & Wall Covering Manufacturers & Wholesalers,Home & Garden,,01413600
Wallpaper & Wall Covering Stores,Home & Garden,,01413400
Water Filters & Water Purification Equipment,Home & Garden,,01420030
Whirlpool Bath Equipment & Supplies,Home & Garden,,01427400
Window Cleaning Service,Home & Garden,,01428800
Window Repair,Home & Garden,,01430200
Window Shade & Blind Stores,Home & Garden,,00157500
Windows,Home & Garden,,01429600
Wood Doors,Home & Garden,,00440800
Candles,Home & Garden,Accessories - General,00227400
Christmas Decorations & Lights,Home & Garden,Accessories - General,00288000
Christmas Trees,Home & Garden,Accessories - General,00288200
Clock Repair,Home & Garden,Accessories - General,00305395
Mats & Matting,Home & Garden,Accessories - General,00835800
Appliance Manufacturers & Wholesalers,Home & Garden,Appliances,00062430
Appliance Parts & Supplies,Home & Garden,Appliances,00062420
Appliance Repair & Service,Home & Garden,Appliances,00062399
Dishwashers,Home & Garden,Appliances,00429200
Garbage Disposal Repair,Home & Garden,Appliances,00612210
Home Garbage Disposal Equipment,Home & Garden,Appliances,00611800
Iron Works,Home & Garden,Appliances,00724910
Major Appliance Stores,Home & Garden,Appliances,00062386
Major Home Appliance Renting & Leasing,Home & Garden,Appliances,00062385
Microwave Ovens,Home & Garden,Appliances,00865600
"Oil, Gas, Pellet & Wood Stove Stores",Home & Garden,Appliances,01254675
Popcorn Machines,Home & Garden,Appliances,01045400
"Ranges, Cooktops & Stoves Sales & Services",Home & Garden,Appliances,01254200
Refrigeration Contractors,Home & Garden,Appliances,01109600
Refrigeration Equipment & Supply Manufacturers & Wholesalers,Home & Garden,Appliances,01109400
Refrigerator & Freezer Parts,Home & Garden,Appliances,01111400
Refrigerator & Freezer Rental,Home & Garden,Appliances,01111000
Refrigerator & Freezer Sales & Service,Home & Garden,Appliances,01111200
Refrigerator & Freezer Wholesalers & Manufacturers,Home & Garden,Appliances,01111600
Sewing Machine Stores,Home & Garden,Appliances,01190600
Small Home Appliance Stores,Home & Garden,Appliances,00062410
Stove & Cooktop Parts,Home & Garden,Appliances,01254400
Stove Manufacturers & Wholesalers,Home & Garden,Appliances,01254725
Used Appliance Stores,Home & Garden,Appliances,00062429
Washer & Dryer Manufacturers & Wholesalers,Home & Garden,Appliances,01415648
Washer & Dryer Parts,Home & Garden,Appliances,01415643
Washer & Dryer Rental,Home & Garden,Appliances,01415625
Washer & Dryer Sales & Service,Home & Garden,Appliances,01415638
Bedding & Linens,Home & Garden,Bedroom & Linens,00137410
Beds,Home & Garden,Bedroom & Linens,00137655
Cushion Manufacturers & Wholesalers,Home & Garden,Bedroom & Linens,00399400
Embroidery Supplies,Home & Garden,Bedroom & Linens,00490000
Futons,Home & Garden,Bedroom & Linens,00606677
Mattresses & Box Springs,Home & Garden,Bedroom & Linens,00836400
Pillows,Home & Garden,Bedroom & Linens,01002800
Seat Slip Covers,Home & Garden,Bedroom & Linens,01215000
Waterbeds,Home & Garden,Bedroom & Linens,01418000
Cabinet Makers,Home & Garden,"Cabinets, Racks & Organizers",00211600
Closet Organizers & Accessories,Home & Garden,"Cabinets, Racks & Organizers",00305800
Clothes Racks & Hangers,Home & Garden,"Cabinets, Racks & Organizers",00615900
Analytical & Testing Laboratories,Industrial supplies & services,,00746065
Automation Consultants,Industrial supplies & services,,00092085
Automation Systems & Equipment,Industrial supplies & services,,00092200
Bakery Equipment,Industrial supplies & services,,00116975
Bakery Supplies,Industrial supplies & services,,00117800
Balancing Service,Industrial supplies & services,,00119200
Battery Chargers,Industrial supplies & services,,00133800
Beverage Distributors & Bottlers,Industrial supplies & services,,00145250
Burlap,Industrial supplies & services,,00206400
Butchery Equipment & Supplies,Industrial supplies & services,,00208500
"Cable Installation, Splicing & Detection",Industrial supplies & services,,00213000
Cabling Equipment & Supplies,Industrial supplies & services,,00214300
Calibration Service,Industrial supplies & services,,00220614
Carbon Dioxide,Industrial supplies & services,,00234000
Carbon Products,Industrial supplies & services,,00234400
Chemical & Pressure Cleaning Systems,Industrial supplies & services,,00301600
Chemical & Steam Cleaning Systems,Industrial supplies & services,,01241750
Clothes Lines,Industrial supplies & services,,00306650
Cold-Storage Warehouses,Industrial supplies & services,,01414000
Commercial Kitchen Equipment,Industrial supplies & services,,00742000
"Commercial, Industrial & Residential Cleaning",Industrial supplies & services,,00301475
Compressors,Industrial supplies & services,,00325400
Concrete Tanks,Industrial supplies & services,,01277600
"Controls, Control Systems & Regulators",Industrial supplies & services,,00363200
Conveyors,Industrial supplies & services,,00364400
Corporate & Notary Seals,Industrial supplies & services,,01173400
Counterfeit Detection Devices,Industrial supplies & services,,00375300
Cutting Tools,Industrial supplies & services,,01335600
Die Casting,Industrial supplies & services,,00424600
Die Cutting,Industrial supplies & services,,00424800
Die Makers,Industrial supplies & services,,00425200
Die-Cutting Equipment,Industrial supplies & services,,00425000
Distribution Warehouses,Industrial supplies & services,,01414400
Dock Seals & Covers,Industrial supplies & services,,00433800
Dry Cell Batteries,Industrial supplies & services,,00133200
Electric Companies,Industrial supplies & services,,00475895
Electric Motor Controls,Industrial supplies & services,,00478195
Electric Motor Manufacturers,Industrial supplies & services,,00478400
Electric Motor Parts & Supplies,Industrial supplies & services,,00478800
Electric Motor Sales & Service,Industrial supplies & services,,00478600
Electrical Wiring Harnesses,Industrial supplies & services,,01432400
Electrical-Discharge Machining,Industrial supplies & services,,00479000
Electronic & Electric Wire,Industrial supplies & services,,01432100
Emission Testing,Industrial supplies & services,,00490100
Engineering Equipment & Supplies,Industrial supplies & services,,00495000
Engineering Services,Industrial supplies & services,,00495200
Engraving Equipment & Supplies,Industrial supplies & services,,00502800
Explosives,Industrial supplies & services,,00528600
Fabric Labels,Industrial supplies & services,,00744000
Fibreglass,Industrial supplies & services,,00547050
Filter Cleaning & Service,Industrial supplies & services,,00553760
Filtering Materials & Supplies,Industrial supplies & services,,00553200
Fire Hydrants,Industrial supplies & services,,00557600
Flanges,Industrial supplies & services,,00564800
Flexible Metal Hose & Tubing,Industrial supplies & services,,00679600
Foam Products,Industrial supplies & services,,00572010
Foil Products,Industrial supplies & services,,00572200
Food Service Management,Industrial supplies & services,,00576400
Forklift Truck Parts & Supplies,Industrial supplies & services,,00770560
Forklift Truck Rental,Industrial supplies & services,,00770575
Gases,Industrial supplies & services,,00618075
Gate Operating Devices,Industrial supplies & services,,00618900
Gates,Industrial supplies & services,,00619000
General Engravers,Industrial supplies & services,,00501475
Glass Engravers,Industrial supplies & services,,00501480
"Hazardous Material Handling, Storage & Training",Industrial supplies & services,,00665955
Helium,Industrial supplies & services,,00671000
Hoists,Industrial supplies & services,,00673000
Hose Fittings & Couplings,Industrial supplies & services,,00679400
Hot Stamping,Industrial supplies & services,,00681650
Hydraulic Equipment & Supplies,Industrial supplies & services,,00691400
Industrial Consultants,Industrial supplies & services,,00703600
Industrial Fasteners,Industrial supplies & services,,00536400
Industrial Hearing & Sound Level Testing,Industrial supplies & services,,00667150
Industrial Inspection Devices,Industrial supplies & services,,00714400
Industrial Ovens,Industrial supplies & services,,00942000
Industrial Sewing Machines,Industrial supplies & services,,01190400
Industrial Steam Cleaning,Industrial supplies & services,,01241200
Industrial Vacuum Cleaners,Industrial supplies & services,,01381400
Industrial X-Ray Laboratories,Industrial supplies & services,,01439000
Jewellery Castings,Industrial supplies & services,,00732200
Keys & Key Cutting,Industrial supplies & services,,00741300
Kilns,Industrial supplies & services,,00741400
Laboratory Equipment & Supplies,Industrial supplies & services,,00746795
Laundry Equipment & Supplies,Industrial supplies & services,,00760200
Library Equipment & Supplies,Industrial supplies & services,,00769200
Lie Detection Service,Industrial supplies & services,,00770000
Lime,Industrial supplies & services,,00773600
Liquid & Bulk Storage,Industrial supplies & services,,01252000
Liquid Filters,Industrial supplies & services,,00553800
Locksmiths' Equipment & Supplies,Industrial supplies & services,,00783400
Lumber Manufacturers & Wholesalers,Industrial supplies & services,,00789200
Machine Knives,Industrial supplies & services,,00790550
Machine Shops,Industrial supplies & services,,00790800
Machine Tools,Industrial supplies & services,,00791000
Machinery Movers & Erectors,Industrial supplies & services,,00793600
Machinery Rebuild & Repair,Industrial supplies & services,,00794000
Machinery Sales,Industrial supplies & services,,00793800
Magnets,Industrial supplies & services,,00807400
Material Handling Equipment,Industrial supplies & services,,00831600
Meat Brokers,Industrial supplies & services,,00837600
Mechanical Belting,Industrial supplies & services,,00139600
Medical Laboratories,Industrial supplies & services,,00746200
Merchandise Warehouses,Industrial supplies & services,,01414200
Metal Engravers,Industrial supplies & services,,00501600
Metal Tanks,Industrial supplies & services,,01278200
Metal Tubing,Industrial supplies & services,,01367600
Meters,Industrial supplies & services,,00857550
Mezzanines,Industrial supplies & services,,00863700
Millwork,Industrial supplies & services,,00867400
Minerals,Industrial supplies & services,,00868000
Mould Makers,Industrial supplies & services,,00888850
Mould Removal & Control,Industrial supplies & services,,00888700
Nameplates,Industrial supplies & services,,00900200
O-Rings,Industrial supplies & services,,01173500
Oceanographic Equipment,Industrial supplies & services,,00917200
Oil Burner Sales & Service,Industrial supplies & services,,00920800
Oil Consultants,Industrial supplies & services,,00921467
Oil Field Equipment & Supplies,Industrial supplies & services,,00921525
Oil Field Equipment Rental,Industrial supplies & services,,00921500
Oil Field Services,Industrial supplies & services,,00921600
Oil Field Trucking & Hauling,Industrial supplies & services,,00921550
Oxygen,Industrial supplies & services,,00943000
Pallets & Skids,Industrial supplies & services,,00948600
Paper Labels,Industrial supplies & services,,00744200
Paper Manufacturers & Distributors,Industrial supplies & services,,00952010
Plastic & Fiberglass Tanks,Industrial supplies & services,,01277725
Plastic & Wood Engravers,Industrial supplies & services,,00502200
Plastic Extrusion,Industrial supplies & services,,01020400
"Plastic Fabrication, Finishing & Decorating",Industrial supplies & services,,01020600
Plastic Moulders,Industrial supplies & services,,01021200
Plastic Product Manufacturers & Wholesalers,Industrial supplies & services,,01021400
"Plastic Sheets, Tubes & Rods",Industrial supplies & services,,01022200
"Plastic, Metal & Foil Labels",Industrial supplies & services,,00744400
Plating,Industrial supplies & services,,01025600
Plating Equipment & Supplies,Industrial supplies & services,,01025800
Pneumatic Equipment & Parts,Industrial supplies & services,,01032800
Pneumatic Tools,Industrial supplies & services,,01336000
Pneumatic Tube Systems,Industrial supplies & services,,01033050
Police Equipment,Industrial supplies & services,,01040175
Power Sweeping Services,Industrial supplies & services,,01264800
Power Tools,Industrial supplies & services,,01335800
Price Marking Equipment & Supplies,Industrial supplies & services,,01062000
Pump Parts & Supplies,Industrial supplies & services,,01080600
Pump Rental,Industrial supplies & services,,01080175
Pump Repair & Installation,Industrial supplies & services,,01080400
Pumps,Industrial supplies & services,,01080000
Punches,Industrial supplies & services,,01080800
Quality Control,Industrial supplies & services,,01082475
Quarries,Industrial supplies & services,,01082600
Recycled Paper & Cardboard,Industrial supplies & services,,01105930
Research & Development Laboratories,Industrial supplies & services,,00746400
Restaurant Equipment & Supplies,Industrial supplies & services,,01125400
Restaurant Equipment Repair,Industrial supplies & services,,01125300
Robotics,Industrial supplies & services,,01133700
Rubber & Plastic Tubing & Hoses,Industrial supplies & services,,00679800
Rubber Products,Industrial supplies & services,,01142000
Sand & Gravel,Industrial supplies & services,,01155200
Sand & Gravel Handling Equipment,Industrial supplies & services,,01155400
Saw Sharpening & Repair,Industrial supplies & services,,01161200
Sawmill Equipment & Supplies,Industrial supplies & services,,01160400
Sawmills,Industrial supplies & services,,01160600
Scientific Instruments,Industrial supplies & services,,01167600
Scrap Metals,Industrial supplies & services,,01169400
Security Consultants,Industrial supplies & services,,01177400
Sewing Contractors,Industrial supplies & services,,01190200
Sharpening Service,Industrial supplies & services,,01191400
Sheet Metal Work,Industrial supplies & services,,01192600
Shelving,Industrial supplies & services,,01193800
Sifting & Screening Equipment & Service,Industrial supplies & services,,01170200
Skate Sharpening & Repair,Industrial supplies & services,,01210350
Slate,Industrial supplies & services,,01214000
Slings,Industrial supplies & services,,01214800
Solder,Industrial supplies & services,,01223475
Spraying Equipment,Industrial supplies & services,,01234000
Springs Manufacturers & Distributors,Industrial supplies & services,,01234600
Steam Systems,Industrial supplies & services,,01241800
Steel Distributors & Warehouses,Industrial supplies & services,,01242805
Steel Fabricators,Industrial supplies & services,,01243200
Steel Rule Dies,Industrial supplies & services,,00426000
Storage Battery Dealers,Industrial supplies & services,,00133400
Storage Battery Manufacturers & Wholesalers,Industrial supplies & services,,00133600
Store Fixtures,Industrial supplies & services,,01252200
Strapping Equipment,Industrial supplies & services,,01255000
Tank Cleaning,Industrial supplies & services,,01277000
Tank Inspection & Testing Services,Industrial supplies & services,,01277900
Tank Installation & Disposal,Industrial supplies & services,,01278000
Tank Lining & Coating,Industrial supplies & services,,01278100
Tank Repair & Service,Industrial supplies & services,,01278500
Tanners & Tanneries,Industrial supplies & services,,01279000
Tarpaulins,Industrial supplies & services,,01285000
Testing Machines,Industrial supplies & services,,01309200
Textile & Clothing Fasteners,Industrial supplies & services,,00536600
Thermocouples,Industrial supplies & services,,01314390
Time Recorders,Industrial supplies & services,,01321400
Tool Repair & Parts,Industrial supplies & services,,01336500
Toolmakers,Industrial supplies & services,,01335100
"Training Equipment, Facilities & Services",Industrial supplies & services,,01347850
Tube Bending & Fabrication,Industrial supplies & services,,01365600
Turbines,Industrial supplies & services,,01369800
Turnstiles,Industrial supplies & services,,01370200
Typesetting,Industrial supplies & services,,01375000
Upholstery Fabric,Industrial supplies & services,,01379400
Upholstery Supplies,Industrial supplies & services,,01379200
Valve & Fitting Repair,Industrial supplies & services,,01385790
Valves & Fittings,Industrial supplies & services,,01385700
Variable-Speed Drives,Industrial supplies & services,,01387200
Vibration Control & Measurement,Industrial supplies & services,,01404425
Warehouse Equipment,Industrial supplies & services,,01413875
Waste Oil,Industrial supplies & services,,00926800
Water Heater Manufacturers & Wholesalers,Industrial supplies & services,,01419400
Water Softener Equipment & Service,Industrial supplies & services,,01420200
Water Supply Systems,Industrial supplies & services,,01420400
Water Treatment Equipment & Service,Industrial supplies & services,,01420800
Water Well Drilling & Service,Industrial supplies & services,,01421000
Water Works Equipment & Supplies,Industrial supplies & services,,01421400
Waterproofing Contractors,Industrial supplies & services,,01421800
Waterproofing Materials,Industrial supplies & services,,01422000
Weight Scale Repair,Industrial supplies & services,,01161900
Weight Scales,Industrial supplies & services,,01161600
Welding,Industrial supplies & services,,01424600
Welding Equipment & Supplies,Industrial supplies & services,,01425200
Window Tinting & Coating,Industrial supplies & services,,01429400
Wire,Industrial supplies & services,,01431800
Wire Cloth,Industrial supplies & services,,01432000
Wire Products,Industrial supplies & services,,01432600
Wire Rope,Industrial supplies & services,,01432800
Woodworking Machinery & Equipment,Industrial supplies & services,,01435590
X-Ray Protection,Industrial supplies & services,,01439400
X-Ray Systems & Equipment,Industrial supplies & services,,01438600
Abrasives,Industrial supplies & services,"Adhesives, Chemicals, Inks, Dyes & Lubricants",00001600
Adhesive Tapes,Industrial supplies & services,"Adhesives, Chemicals, Inks, Dyes & Lubricants",01280300
Adhesives & Glues,Industrial supplies & services,"Adhesives, Chemicals, Inks, Dyes & Lubricants",00014650
Asbestos Products,Industrial supplies & services,"Adhesives, Chemicals, Inks, Dyes & Lubricants",00077460
Asbestos Removal & Abatement,Industrial supplies & services,"Adhesives, Chemicals, Inks, Dyes & Lubricants",00077375
Asbestos Testing & Consultants,Industrial supplies & services,"Adhesives, Chemicals, Inks, Dyes & Lubricants",00077440
Caulking Materials & Equipment,Industrial supplies & services,"Adhesives, Chemicals, Inks, Dyes & Lubricants",00248000
Chemical Reclaiming,Industrial supplies & services,"Adhesives, Chemicals, Inks, Dyes & Lubricants",00273800
Chemical Storage & Handling,Industrial supplies & services,"Adhesives, Chemicals, Inks, Dyes & Lubricants",00274000
Chemicals,Industrial supplies & services,"Adhesives, Chemicals, Inks, Dyes & Lubricants",00273600
Colours & Pigments,Industrial supplies & services,"Adhesives, Chemicals, Inks, Dyes & Lubricants",00318800
Consulting & Analytical Chemists,Industrial supplies & services,"Adhesives, Chemicals, Inks, Dyes & Lubricants",00277000
Dyers & Dyes,Industrial supplies & services,"Adhesives, Chemicals, Inks, Dyes & Lubricants",00456300
Industrial Diamonds,Industrial supplies & services,"Adhesives, Chemicals, Inks, Dyes & Lubricants",00423200
Lubricants,Industrial supplies & services,"Adhesives, Chemicals, Inks, Dyes & Lubricants",00785800
Lubricating Equipment,Industrial supplies & services,"Adhesives, Chemicals, Inks, Dyes & Lubricants",00785990
Polyurethane Products,Industrial supplies & services,"Adhesives, Chemicals, Inks, Dyes & Lubricants",01042800
Protective Coatings,Industrial supplies & services,"Adhesives, Chemicals, Inks, Dyes & Lubricants",00310600
Solvents,Industrial supplies & services,"Adhesives, Chemicals, Inks, Dyes & Lubricants",01225200
Urethane Products,Industrial supplies & services,"Adhesives, Chemicals, Inks, Dyes & Lubricants",01379875
Bleachers & Grandstand Seats,Industrial supplies & services,Amusement equipment & device,00157000
Coupon & Ticket Printing,Industrial supplies & services,Amusement equipment & device,01319200
Disco Equipment,Industrial supplies & services,Amusement equipment & device,00428700
Pool Tables & Equipment,Industrial supplies & services,Amusement equipment & device,00152000
Seat Manufacturers & Wholesalers,Industrial supplies & services,Amusement equipment & device,01174400
Sound Systems & Equipment,Industrial supplies & services,"Audio, video & motion pictures equipment & services",01228000
Theatrical Scenic Painting,Industrial supplies & services,"Audio, video & motion pictures equipment & services",01163000
Cooling Towers,Industrial supplies & services,"Heating, Cooling, Ventilation & Air Conditioning",00365000
Gas Burners,Industrial supplies & services,"Heating, Cooling, Ventilation & Air Conditioning",00616800
Industrial Equipment & Supplies,Industrial supplies & services,"Heating, Cooling, Ventilation & Air Conditioning",00704000
Smoke Stacks,Industrial supplies & services,"Heating, Cooling, Ventilation & Air Conditioning",01216800
Steeplejacks,Industrial supplies & services,"Heating, Cooling, Ventilation & Air Conditioning",01244800
Sanitary Products,Personal Care,,01157300
Soaps & Detergents,Personal Care,,01218800
Steam Bath Equipment & Supplies,Personal Care,,01241000
Toilet Preparations,Personal Care,,01331200
Alternative Health,Personal Care,"Barbers, Beauty Salons & Spas",00042825
Aromatherapy,Personal Care,"Barbers, Beauty Salons & Spas",00069500
Barbers,Personal Care,"Barbers, Beauty Salons & Spas",00124600
Barbers' Equipment & Supplies,Personal Care,"Barbers, Beauty Salons & Spas",00125000
Baths & Saunas: Relaxation,Personal Care,"Barbers, Beauty Salons & Spas",00131838
Beauty & Health Spas,Personal Care,"Barbers, Beauty Salons & Spas",01230205
Beauty Institutes,Personal Care,"Barbers, Beauty Salons & Spas",00135200
Beauty Salon Equipment & Supplies,Personal Care,"Barbers, Beauty Salons & Spas",00136000
Black Hair Salons,Personal Care,"Barbers, Beauty Salons & Spas",02000088
Estheticians,Personal Care,"Barbers, Beauty Salons & Spas",00519200
Eyebrow Threading,Personal Care,"Barbers, Beauty Salons & Spas",02000089
Eyelash Extensions,Personal Care,"Barbers, Beauty Salons & Spas",02000094
Hair Extensions,Personal Care,"Barbers, Beauty Salons & Spas",02000090
Hair Salons,Personal Care,"Barbers, Beauty Salons & Spas",02000091
Hair Stylists,Personal Care,"Barbers, Beauty Salons & Spas",00660400
Hairdressers & Beauty Salons,Personal Care,"Barbers, Beauty Salons & Spas",00135600
Health Resorts,Personal Care,"Barbers, Beauty Salons & Spas",00666495
Laser Hair Removal,Personal Care,"Barbers, Beauty Salons & Spas",02000092
Massage Therapists,Personal Care,"Barbers, Beauty Salons & Spas",00830025
Massages,Personal Care,"Barbers, Beauty Salons & Spas",00830078
Massages & Alternative Treatments,Personal Care,"Barbers, Beauty Salons & Spas",00830100
Nail Salons,Personal Care,"Barbers, Beauty Salons & Spas",00899870
Reflexology,Personal Care,"Barbers, Beauty Salons & Spas",01107680
Registered Massage Therapists,Personal Care,"Barbers, Beauty Salons & Spas",00830050
Shiatsu,Personal Care,"Barbers, Beauty Salons & Spas",01193966
Wax,Personal Care,"Barbers, Beauty Salons & Spas",01422400
Waxing,Personal Care,"Barbers, Beauty Salons & Spas",02000093
Ear Piercing,Personal Care,Body Art & Piercing,00458200
Laser Tattoo Removal,Personal Care,Body Art & Piercing,01285500
Piercing & Body Art,Personal Care,Body Art & Piercing,01000300
Cosmetics & Perfumes Stores,Personal Care,Cosmetics,00371000
Manicure & Pedicure Equipment & Supplies,Personal Care,Cosmetics,00817200
Manicures & Pedicures,Personal Care,Cosmetics,00817250
Perfume & Cosmetics Manufacturers & Wholesalers,Personal Care,Cosmetics,00371190
Permanent Make-Up,Personal Care,Cosmetics,00813725
Chiropodists,Personal Care,Skin & scalp services & products,00284905
Electrolysis Equipment & Supplies,Personal Care,Skin & scalp services & products,00481200
Electrolysis Treatments,Personal Care,Skin & scalp services & products,00481250
Essential Oils,Personal Care,Skin & scalp services & products,00924400
Esthetician Equipment & Supplies,Personal Care,Skin & scalp services & products,00519250
Foot Care,Personal Care,Skin & scalp services & products,00577250
Hair Goods,Personal Care,Skin & scalp services & products,00658800
Hair Removal,Personal Care,Skin & scalp services & products,00659400
Hair Transplants & Replacement,Personal Care,Skin & scalp services & products,00659650
Scalp Treatment & Products,Personal Care,Skin & scalp services & products,01162000
Skin Care Products & Treatments,Personal Care,Skin & scalp services & products,01212885
Tanning Salon Equipment & Supplies,Personal Care,Skin & scalp services & products,01279600
Tanning Salons,Personal Care,Skin & scalp services & products,01279500
Tattooing Shops,Personal Care,Skin & scalp services & products,01285400
Wigs & Hairpieces,Personal Care,Skin & scalp services & products,01428200
Industrial & Commercial Garbage Disposal Equipment,Public utilities & environment,,00612000
Industrial Waste Disposal & Reduction Service,Public utilities & environment,,01416600
Landfill Sites,Public utilities & environment,,00755600
Liquid Waste Removal,Public utilities & environment,,00777000
Recycling Equipment & Systems,Public utilities & environment,,01105975
Rubbish Removal,Public utilities & environment,,01142800
Sewage Disposal Systems,Public utilities & environment,,01188800
Sewage Treatment Systems & Equipment,Public utilities & environment,,01189000
Sewer Cleaning Equipment & Service,Public utilities & environment,,01189460
Sewer Contractors,Public utilities & environment,,01189600
Sewer Line Inspection,Public utilities & environment,,01189800
Sewer Pipes,Public utilities & environment,,01190000
Traffic & Parking Consultants,Public utilities & environment,,01345400
Waste Bins & Containers,Public utilities & environment,,00361620
Energy Conservation & Renewable Products & Services,Public utilities & environment,Energy & power,00494465
Energy Management & Consultants,Public utilities & environment,Energy & power,00494500
Gas Companies,Public utilities & environment,Energy & power,00617200
Geothermal Energy,Public utilities & environment,Energy & power,00627200
Power Plant Equipment,Public utilities & environment,Energy & power,01057000
Power Transmission Equipment,Public utilities & environment,Energy & power,01057200
Salvage,Public utilities & environment,Energy & power,01154200
Solar Energy Systems & Equipment,Public utilities & environment,Energy & power,01223000
Wind Energy Systems,Public utilities & environment,Energy & power,01428600
Environmental Conservation & Ecological Organizations,Public utilities & environment,Environment,00509000
Environmental Control Systems,Public utilities & environment,Environment,00509070
Environmental Engineers,Public utilities & environment,Environment,00496800
Environmental Products & Services,Public utilities & environment,Environment,00509078
Erosion Control,Public utilities & environment,Environment,00513800
Geophysicists,Public utilities & environment,Environment,00626800
Industrial Parks,Public utilities & environment,Environment,00704025
Noise Control,Public utilities & environment,Environment,00908300
Traffic Ticket Defense,Public utilities & environment,Environment,01345625
Mining Companies,Public utilities & environment,Mining,00868800
Mining Consultants,Public utilities & environment,Mining,00869000
Mining Contractors,Public utilities & environment,Mining,00869200
Mining Equipment & Supplies Companies,Public utilities & environment,Mining,00869600
Mining Exploration & Development,Public utilities & environment,Mining,00869400
"Offshore Oil Services, Equipment & Supplies",Public utilities & environment,Mining,00922305
Oil & Gas Field Exploration & Development,Public utilities & environment,Mining,00921800
Oil Well Equipment & Supplies,Public utilities & environment,Mining,00923400
Post Hole Diggers,Public utilities & environment,Mining,01051685
Earthquake Preparedness,Public utilities & environment,Public security,00458410
Fire Emergency Calls,Public utilities & environment,Public security,00556600
Fire Protection Consultants,Public utilities & environment,Public security,00557800
Fire Protection Service,Public utilities & environment,Public security,00558200
Fireproofing & Firestopping Materials,Public utilities & environment,Public security,00559500
Flood Damage Restoration,Public utilities & environment,Public security,00568150
Police Emergency Calls,Public utilities & environment,Public security,01039800
Traffic Signalling Equipment,Public utilities & environment,Public security,01345600
Automatic Fire Sprinkler Systems,Real-Estate & Insurance,Building Management,01235000
Building Exterior Cleaning,Real-Estate & Insurance,Building Management,00201450
Cleaning & Janitorial Supplies,Real-Estate & Insurance,Building Management,00727600
Closed Circuit Television Systems & Equipment (CCTV Systems),Real-Estate & Insurance,Building Management,01300600
Commercial Carpet Consultants,Real-Estate & Insurance,Building Management,00237600
Elevator Consultants,Real-Estate & Insurance,Building Management,00484950
Elevator Maintenance & Repair,Real-Estate & Insurance,Building Management,00485600
Elevator Parts & Supplies,Real-Estate & Insurance,Building Management,00485800
Fire Escapes,Real-Estate & Insurance,Building Management,00556800
Freight & Passenger Elevators,Real-Estate & Insurance,Building Management,00485200
Home Elevator Installation & Service,Real-Estate & Insurance,Building Management,00485700
Janitorial Service,Real-Estate & Insurance,Building Management,00727400
Letters For Signs,Real-Estate & Insurance,Building Management,00766900
Office & Desk Space Rental,Real-Estate & Insurance,Building Management,00919200
Office Buildings,Real-Estate & Insurance,Building Management,00919000
Shoplifting Prevention Systems,Real-Estate & Insurance,Building Management,01200450
Sign Equipment & Supplies,Real-Estate & Insurance,Building Management,01205600
Sign Installation,Real-Estate & Insurance,Building Management,01205900
Sign Lettering,Real-Estate & Insurance,Building Management,00766800
Sign Maintenance & Repair,Real-Estate & Insurance,Building Management,01205950
Signs,Real-Estate & Insurance,Building Management,01205200
Stair Lifts,Real-Estate & Insurance,Building Management,01237500
Store Fronts,Real-Estate & Insurance,Building Management,01252600
Wheelchair Ramps & Lifts,Real-Estate & Insurance,Building Management,01426400
Actuary Consulting & Services,Real-Estate & Insurance,Insurance,00012800
Bailiffs,Real-Estate & Insurance,Insurance,00116400
Business Insurance,Real-Estate & Insurance,Insurance,02000079
Car Insurance,Real-Estate & Insurance,Insurance,02000080
Farm Insurance,Real-Estate & Insurance,Insurance,02000081
Health Insurance,Real-Estate & Insurance,Insurance,02000082
"Health, Travel & Life Insurance",Real-Estate & Insurance,Insurance,00719280
Home Insurance,Real-Estate & Insurance,Insurance,02000083
Insurance,Real-Estate & Insurance,Insurance,00719230
Insurance Agents,Real-Estate & Insurance,Insurance,00716600
Insurance Agents & Brokers,Real-Estate & Insurance,Insurance,00716710
Insurance Brokers,Real-Estate & Insurance,Insurance,00717800
Insurance Claim Adjusters,Real-Estate & Insurance,Insurance,00718400
Insurance Company Rating Bureaus,Real-Estate & Insurance,Insurance,00719400
Insurance Consultants,Real-Estate & Insurance,Insurance,00719200
Insurance Medical Exams,Real-Estate & Insurance,Insurance,00719305
Leisure Vehicle Insurance,Real-Estate & Insurance,Insurance,02000084
Life Insurance,Real-Estate & Insurance,Insurance,02000085
Medical & Dental Plans,Real-Estate & Insurance,Insurance,00840075
Surety & Fidelity Bonds,Real-Estate & Insurance,Insurance,00170800
Travel Insurance,Real-Estate & Insurance,Insurance,02000086
Warranty Programs,Real-Estate & Insurance,Insurance,01414500
Chartered Appraisers,Real-Estate & Insurance,Real Estate,00062600
Property Management,Real-Estate & Insurance,Real Estate,01070710
Real Estate (General),Real-Estate & Insurance,Real Estate,01100200
Real Estate Agents & Brokers,Real-Estate & Insurance,Real Estate,01099675
Real Estate Appraisers,Real-Estate & Insurance,Real Estate,01099400
Real Estate Brokers & Sales Representatives,Real-Estate & Insurance,Real Estate,01099750
Real Estate Consultants,Real-Estate & Insurance,Real Estate,01099900
Real Estate Developers,Real-Estate & Insurance,Real Estate,01100000
Real Estate Investment,Real-Estate & Insurance,Real Estate,01100315
Real Estate Management,Real-Estate & Insurance,Real Estate,01100400
Real Estate Rental & Leasing,Real-Estate & Insurance,Real Estate,01100500
Artificial Flower & Plant Arrangements,Shopping & Specialty Stores,,00571725
Artificial Flower & Plant Manufacturers & Wholesalers,Shopping & Specialty Stores,,00571750
Auctions,Shopping & Specialty Stores,,00088000
Balloons,Shopping & Specialty Stores,,00120200
Catalogue & Online Shopping,Shopping & Specialty Stores,,00246200
"Cigar, Cigarette & Tobacco Manufacturers & Wholesalers",Shopping & Specialty Stores,,00291800
Consignment Shops,Shopping & Specialty Stores,,00351070
Consumer Protection Services,Shopping & Specialty Stores,,00360100
Department Stores,Shopping & Specialty Stores,,00417000
Discount Stores,Shopping & Specialty Stores,,00429000
Distribution Centres,Shopping & Specialty Stores,,00432060
Duty-Free Stores,Shopping & Specialty Stores,,00455800
Factory Outlets,Shopping & Specialty Stores,,00533075
Flea Markets,Shopping & Specialty Stores,,00565500
Florist Wholesalers,Shopping & Specialty Stores,,00570600
Florists & Flower Shops,Shopping & Specialty Stores,,00570200
Florists' Supplies,Shopping & Specialty Stores,,00570300
Games & Supplies,Shopping & Specialty Stores,,00609610
General Rental Service,Shopping & Specialty Stores,,01119000
General Stores,Shopping & Specialty Stores,,00623800
Gift Baskets,Shopping & Specialty Stores,,00628490
Gift Shops,Shopping & Specialty Stores,,00628800
Gift Wrapping Paper & Service,Shopping & Specialty Stores,,00629210
Giftware Manufacturers & Wholesalers,Shopping & Specialty Stores,,00629600
Go-Karts & Karting Tracks,Shopping & Specialty Stores,,00637100
Indoor Plant Maintenance & Wholesalers,Shopping & Specialty Stores,,01018200
Indoor Plant Stores,Shopping & Specialty Stores,,01018000
Liquidators,Shopping & Specialty Stores,,00777400
Magazine Dealers,Shopping & Specialty Stores,,00804400
Mail Order Services,Shopping & Specialty Stores,,00808420
Marijuana Retail,Shopping & Specialty Stores,,02000105
Military Goods,Shopping & Specialty Stores,,00866400
Model Construction & Hobby Shops,Shopping & Specialty Stores,,00672400
News Dealers,Shopping & Specialty Stores,,00906200
Novelty Stores,Shopping & Specialty Stores,,00912800
Picture Retailers,Shopping & Specialty Stores,,00999650
Salvage & Surplus Goods,Shopping & Specialty Stores,,01261400
Second-Hand Stores,Shopping & Specialty Stores,,01175400
Shopping Carts & Baskets,Shopping & Specialty Stores,,01200600
Shopping Centres & Malls,Shopping & Specialty Stores,,01200800
Shopping Mall Management & Leasing,Shopping & Specialty Stores,,01201000
Smoke Shops,Shopping & Specialty Stores,,01216825
Smokers' Article Manufacturers & Wholesalers,Shopping & Specialty Stores,,01216850
Telescopes,Shopping & Specialty Stores,,01294800
Tobacco Stores,Shopping & Specialty Stores,,00291700
Toy Manufacturers & Wholesalers,Shopping & Specialty Stores,,01342200
Toy Stores,Shopping & Specialty Stores,,01342000
Vaping Accessories,Shopping & Specialty Stores,,02000102
Variety Stores,Shopping & Specialty Stores,,01387400
Video Game Stores,Shopping & Specialty Stores,,01404868
Antique Dealers,Shopping & Specialty Stores,Antiques,00057600
Antique Reproductions,Shopping & Specialty Stores,Antiques,00057825
"Antique Restoration, Refinishing & Repair",Shopping & Specialty Stores,Antiques,00057800
Adaptive Clothing,Shopping & Specialty Stores,Apparel & Accessories,00306933
Asian Products,Shopping & Specialty Stores,Apparel & Accessories,00936800
Baskets,Shopping & Specialty Stores,Apparel & Accessories,00129000
Beads,Shopping & Specialty Stores,Apparel & Accessories,00134800
Binoculars,Shopping & Specialty Stores,Apparel & Accessories,00152800
Boots,Shopping & Specialty Stores,Apparel & Accessories,00172600
Boutiques,Shopping & Specialty Stores,Apparel & Accessories,00180002
Buttons,Shopping & Specialty Stores,Apparel & Accessories,00210000
Caps & Gowns,Shopping & Specialty Stores,Apparel & Accessories,00232000
Clocks,Shopping & Specialty Stores,Apparel & Accessories,00305200
Coin Dealers & Supplies,Shopping & Specialty Stores,Apparel & Accessories,00314800
Collectibles,Shopping & Specialty Stores,Apparel & Accessories,00316500
Dance Supplies,Shopping & Specialty Stores,Apparel & Accessories,00404200
Diamonds,Shopping & Specialty Stores,Apparel & Accessories,00423005
Dressmakers,Shopping & Specialty Stores,Apparel & Accessories,00449600
Electric Shavers,Shopping & Specialty Stores,Apparel & Accessories,01191800
Fabric Stores,Shopping & Specialty Stores,Apparel & Accessories,00532000
Fashion Accessories,Shopping & Specialty Stores,Apparel & Accessories,00535950
Feathers & Feather Products,Shopping & Specialty Stores,Apparel & Accessories,00537850
Felt & Felt Products,Shopping & Specialty Stores,Apparel & Accessories,00538800
First Nations & Aboriginal Goods,Shopping & Specialty Stores,Apparel & Accessories,00001225
Flag Poles,Shopping & Specialty Stores,Apparel & Accessories,00563800
Flags & Banners,Shopping & Specialty Stores,Apparel & Accessories,00564000
Formal Wear,Shopping & Specialty Stores,Apparel & Accessories,00580600
Fur Manufacturers & Wholesalers,Shopping & Specialty Stores,Apparel & Accessories,00598200
Fur Stores,Shopping & Specialty Stores,Apparel & Accessories,00597800
"Gold, Silver & Platinum Buyers & Sellers",Shopping & Specialty Stores,Apparel & Accessories,00637855
Handbag Manufacturers & Wholesalers,Shopping & Specialty Stores,Apparel & Accessories,00662200
Handbag Stores,Shopping & Specialty Stores,Apparel & Accessories,00662000
Hemp Products,Shopping & Specialty Stores,Apparel & Accessories,00671100
Home Theater Systems,Shopping & Specialty Stores,Apparel & Accessories,00674440
Jeans,Shopping & Specialty Stores,Apparel & Accessories,00729505
Jewellers & Jewellery Stores,Shopping & Specialty Stores,Apparel & Accessories,00731000
Jewellers' Supplies,Shopping & Specialty Stores,Apparel & Accessories,00731590
Jewellery Manufacturers,Shopping & Specialty Stores,Apparel & Accessories,00730800
Jewellery Wholesalers,Shopping & Specialty Stores,Apparel & Accessories,00731650
Leather,Shopping & Specialty Stores,Apparel & Accessories,00763200
Leather Clothing,Shopping & Specialty Stores,Apparel & Accessories,00763800
Leather Goods Manufacturers & Wholesalers,Shopping & Specialty Stores,Apparel & Accessories,00764600
Leather Goods Retailers,Shopping & Specialty Stores,Apparel & Accessories,00764400
Lingerie Manufacturers & Wholesalers,Shopping & Specialty Stores,Apparel & Accessories,00776000
Lingerie Stores,Shopping & Specialty Stores,Apparel & Accessories,00775800
Metaphysical Products & Services,Shopping & Specialty Stores,Apparel & Accessories,00515840
Monograms & Initials,Shopping & Specialty Stores,Apparel & Accessories,00876810
Needlework,Shopping & Specialty Stores,Apparel & Accessories,00902900
Pewter Products,Shopping & Specialty Stores,Apparel & Accessories,00983100
Precious & Semi-Precious Stones,Shopping & Specialty Stores,Apparel & Accessories,01057400
Religious Goods,Shopping & Specialty Stores,Apparel & Accessories,01114200
Ribbons,Shopping & Specialty Stores,Apparel & Accessories,01129200
Second-Hand Clothing,Shopping & Specialty Stores,Apparel & Accessories,00306850
Sewing Machine Manufacturers & Wholesalers,Shopping & Specialty Stores,Apparel & Accessories,01191000
Sewing Machine Supplies & Attachments,Shopping & Specialty Stores,Apparel & Accessories,01190800
Sewing Supplies,Shopping & Specialty Stores,Apparel & Accessories,00450000
Shoe Manufacturers & Wholesalers,Shopping & Specialty Stores,Apparel & Accessories,01200000
Stamps For Collectors,Shopping & Specialty Stores,Apparel & Accessories,01237800
Sweaters,Shopping & Specialty Stores,Apparel & Accessories,01264200
T-Shirts,Shopping & Specialty Stores,Apparel & Accessories,01268295
Watch Manufacturers & Wholesalers,Shopping & Specialty Stores,Apparel & Accessories,01417700
Watch Retailers,Shopping & Specialty Stores,Apparel & Accessories,01417500
Wicker Furniture & Products,Shopping & Specialty Stores,Apparel & Accessories,01428100
Zippers,Shopping & Specialty Stores,Apparel & Accessories,01442400
Art Foundries,Shopping & Specialty Stores,Arts Supplies & Services,00070575
"Art Galleries, Dealers & Consultants",Shopping & Specialty Stores,Arts Supplies & Services,00070600
Art Materials & Supplies,Shopping & Specialty Stores,Arts Supplies & Services,00076800
Art Metal Work,Shopping & Specialty Stores,Arts Supplies & Services,00070800
Art Publishers & Distributors,Shopping & Specialty Stores,Arts Supplies & Services,00070500
Art Restorations,Shopping & Specialty Stores,Arts Supplies & Services,00071400
Art Schools,Shopping & Specialty Stores,Arts Supplies & Services,00071600
Artists,Shopping & Specialty Stores,Arts Supplies & Services,00076400
Arts & Crafts Classes & Schools,Shopping & Specialty Stores,Arts Supplies & Services,00076970
Arts & Crafts Manufacturers & Wholesalers,Shopping & Specialty Stores,Arts Supplies & Services,00077037
Arts & Crafts Markets,Shopping & Specialty Stores,Arts Supplies & Services,00076900
Arts & Crafts Stores,Shopping & Specialty Stores,Arts Supplies & Services,00076950
Arts & Crafts Supplies,Shopping & Specialty Stores,Arts Supplies & Services,00077000
Bookbinders,Shopping & Specialty Stores,Arts Supplies & Services,00171800
Calligraphy & Calligraphers,Shopping & Specialty Stores,Arts Supplies & Services,00220627
Camera & Photo Equipment Stores,Shopping & Specialty Stores,Arts Supplies & Services,00993300
Canvas Goods,Shopping & Specialty Stores,Arts Supplies & Services,00230400
Ceramics Equipment & Supplies,Shopping & Specialty Stores,Arts Supplies & Services,00252800
Commercial Artists,Shopping & Specialty Stores,Arts Supplies & Services,00076200
Decals,Shopping & Specialty Stores,Arts Supplies & Services,00407035
Drafting Equipment & Supplies,Shopping & Specialty Stores,Arts Supplies & Services,00443100
Embroidering Machines,Shopping & Specialty Stores,Arts Supplies & Services,00489600
Goldsmiths & Silversmiths,Shopping & Specialty Stores,Arts Supplies & Services,01208650
Laminating Equipment & Supplies,Shopping & Specialty Stores,Arts Supplies & Services,00751190
Lamination Service,Shopping & Specialty Stores,Arts Supplies & Services,00751300
Pens & Pencils,Shopping & Specialty Stores,Arts Supplies & Services,00974700
Photo Printing & Finishing,Shopping & Specialty Stores,Arts Supplies & Services,00988150
Photo Restoration & Retouch,Shopping & Specialty Stores,Arts Supplies & Services,00988375
Photographic Reproduction,Shopping & Specialty Stores,Arts Supplies & Services,00991400
Photography Courses & Schools,Shopping & Specialty Stores,Arts Supplies & Services,00993400
Photography Equipment & Camera Repair,Shopping & Specialty Stores,Arts Supplies & Services,00993250
Photography Equipment & Supply Manufacturers & Wholesalers,Shopping & Specialty Stores,Arts Supplies & Services,00993325
Picture Restoration,Shopping & Specialty Stores,Arts Supplies & Services,00999400
Portrait & Wedding Photographers,Shopping & Specialty Stores,Arts Supplies & Services,00989800
Posters,Shopping & Specialty Stores,Arts Supplies & Services,01052400
Pottery,Shopping & Specialty Stores,Arts Supplies & Services,01053800
Pottery Equipment & Supplies,Shopping & Specialty Stores,Arts Supplies & Services,01054000
Scrapbooking,Shopping & Specialty Stores,Arts Supplies & Services,01169510
Sculpting Equipment & Supplies,Shopping & Specialty Stores,Arts Supplies & Services,01172200
Sculptors,Shopping & Specialty Stores,Arts Supplies & Services,01172000
Wood Carving,Shopping & Specialty Stores,Arts Supplies & Services,01434600
Book Stores,Shopping & Specialty Stores,Books,00171700
Book Wholesalers,Shopping & Specialty Stores,Books,00172350
Calendars,Shopping & Specialty Stores,Books,00220000
Rare & Used Books,Shopping & Specialty Stores,Books,00172275
Archery & Crossbows,Sports & Recreation,,00065200
"Arenas, Stadiums & Athletic Fields",Sports & Recreation,,00067335
Baseball Batting Cages & Ranges,Sports & Recreation,,00128200
Baseball Clubs & Lessons,Sports & Recreation,,00128620
Bingo Halls,Sports & Recreation,,00152725
Boxing Training & Lessons,Sports & Recreation,,00185400
Bungee Jumping,Sports & Recreation,,00204325
Campgrounds,Sports & Recreation,,00225200
Camping Equipment,Sports & Recreation,,00225400
Camps,Sports & Recreation,,00227000
"Curling Clubs, Rinks & Lessons",Sports & Recreation,,00398605
Dance Clubs & Ballrooms,Sports & Recreation,,00120500
Dance Lessons,Sports & Recreation,,00403800
Fireworks,Sports & Recreation,,00559800
Golf Cars & Carts,Sports & Recreation,,00638400
Golf Equipment Manufacturers & Wholesalers,Sports & Recreation,,00640200
Golf Lessons,Sports & Recreation,,00640625
Golf Practice Ranges,Sports & Recreation,,00640800
Golf Stores,Sports & Recreation,,00640000
Guns & Gunsmiths,Sports & Recreation,,00656800
Gymnastics Lessons & Clubs,Sports & Recreation,,00657660
Hay Rides,Sports & Recreation,,00665800
Hockey Clubs & Leagues,Sports & Recreation,,00672770
Horse Riding Centres,Sports & Recreation,,01130400
Horseback Rides,Sports & Recreation,,01345700
Hot-Air Balloons,Sports & Recreation,,00681635
Ice Skating Equipment & Supplies,Sports & Recreation,,01210400
Ice Skating Rinks,Sports & Recreation,,01210800
Laser Tag,Sports & Recreation,,00757635
Martial Arts Lessons & Schools,Sports & Recreation,,00828128
Mini-Golf,Sports & Recreation,,00639400
Outdoor & Indoor Court Construction,Sports & Recreation,,00377800
Paintball,Sports & Recreation,,00947450
Parks,Sports & Recreation,,00961000
Pool Halls,Sports & Recreation,,00152200
Private Golf Courses,Sports & Recreation,,00639600
Private Tennis Courts,Sports & Recreation,,01302200
Public Golf Courses,Sports & Recreation,,00639800
Public Tennis Courts,Sports & Recreation,,01302600
Race Tracks,Sports & Recreation,,01086000
Racquetball Courts,Sports & Recreation,,01086350
Recreation Centres,Sports & Recreation,,01104200
Riding Academies,Sports & Recreation,,01130000
Riding Apparel & Equipment,Sports & Recreation,,01130200
Rock Climbing,Sports & Recreation,,01133980
Scoreboards,Sports & Recreation,,01169200
Self-Defense & Martial Arts Equipment,Sports & Recreation,,00828126
Shooting Ranges,Sports & Recreation,,01200200
Skateboards,Sports & Recreation,,01210330
Ski Equipment Rental,Sports & Recreation,,01211660
Ski Equipment Stores,Sports & Recreation,,01211685
Skydiving Lessons & Equipment,Sports & Recreation,,01213400
Snowboards,Sports & Recreation,,01217745
Snowmobiles,Sports & Recreation,,01218400
Soccer Clubs & Lessons,Sports & Recreation,,01219110
Sporting Goods Manufacturers & Wholesalers,Sports & Recreation,,01232800
Sporting Goods Stores,Sports & Recreation,,01232400
Sports Medicine,Sports & Recreation,,01233140
Sports Tour Organization & Promotion,Sports & Recreation,,01233500
Sportswear Manufacturers & Wholesalers,Sports & Recreation,,01233800
Sportswear Stores,Sports & Recreation,,01233600
Squash Courts,Sports & Recreation,,01236150
Taxidermists,Sports & Recreation,,01287000
Tennis Clubs & Lessons,Sports & Recreation,,01303400
Tennis Rackets & Equipment,Sports & Recreation,,01302900
Tent Rental,Sports & Recreation,,01304600
Tents,Sports & Recreation,,01304400
Toy & Hobby Supply Manufacturers & Wholesalers,Sports & Recreation,,00672600
Trophies & Cups,Sports & Recreation,,01359810
Water Slides & Water Parks,Sports & Recreation,,01420140
Associations,Sports & Recreation,Associations & Clubs,00081202
Recreation & Activity Consultants,Sports & Recreation,Associations & Clubs,01104400
Sport Clubs & Organizations,Sports & Recreation,Associations & Clubs,01232850
Youth Organizations & Centres,Sports & Recreation,Associations & Clubs,01441800
Bicycle Accessories,Sports & Recreation,Bicycles,00146500
Bicycle Manufacturers & Wholesalers,Sports & Recreation,Bicycles,00147000
Bicycle Rental,Sports & Recreation,Bicycles,00146800
Bicycle Stores,Sports & Recreation,Bicycles,00146600
"Bikinis, Swimsuits & Swimming Accessories",Sports & Recreation,Boats & Watersports,01266430
Boat Builders & Designers,Sports & Recreation,Boats & Watersports,00159990
"Boat Covers, Upholstery & Tops",Sports & Recreation,Boats & Watersports,00160100
Boat Dealers & Brokers,Sports & Recreation,Boats & Watersports,00160225
Boat Equipment & Supplies,Sports & Recreation,Boats & Watersports,00160400
Boat Rental,Sports & Recreation,Boats & Watersports,00160500
Boat Repair & Maintenance,Sports & Recreation,Boats & Watersports,00160600
Boat Towing,Sports & Recreation,Boats & Watersports,01341800
Boat Transport,Sports & Recreation,Boats & Watersports,00160800
Boating & Sailing Courses,Sports & Recreation,Boats & Watersports,00161050
Canoe Trip Outfitters,Sports & Recreation,Boats & Watersports,00229700
Diving Lessons & Equipment,Sports & Recreation,Boats & Watersports,00432900
Fishery Consultants,Sports & Recreation,Boats & Watersports,00562700
Fishing & Hunting,Sports & Recreation,Boats & Watersports,00562850
Fishing & Hunting Outfitters,Sports & Recreation,Boats & Watersports,00563000
Fishing Bait,Sports & Recreation,Boats & Watersports,00562800
Fishing Parties,Sports & Recreation,Boats & Watersports,00563200
Fishing Supplies,Sports & Recreation,Boats & Watersports,00562600
Kayaks & Canoes,Sports & Recreation,Boats & Watersports,00229726
Marinas,Sports & Recreation,Boats & Watersports,00824600
Outboard Motors,Sports & Recreation,Boats & Watersports,00938800
Public Swimming Pools,Sports & Recreation,Boats & Watersports,01266400
Sailmakers & Sail Repairs,Sports & Recreation,Boats & Watersports,01148800
Snorkelling Equipment & Supplies,Sports & Recreation,Boats & Watersports,01216925
Surf Shops,Sports & Recreation,Boats & Watersports,01260600
Swimming Lessons,Sports & Recreation,Boats & Watersports,01265000
Water Ski Equipment & Supplies,Sports & Recreation,Boats & Watersports,01420125
Watercraft Dealers,Sports & Recreation,Boats & Watersports,01421550
Windsurfing & Kitesurfing,Sports & Recreation,Boats & Watersports,01430500
Bowling,Sports & Recreation,Bowling,00182400
Bowling Alley Equipment & Supplies,Sports & Recreation,Bowling,00183200
Bowling Alley Refinishing & Repair,Sports & Recreation,Bowling,00183400
Bowling Clothing & Accessories,Sports & Recreation,Bowling,00182800
Car & Truck Transporting Companies,Transportation,,00098020
Cartage Hauling & Express Shipping,Transportation,,00241200
Freight Forwarding,Transportation,,00589800
Helicopter Service,Transportation,,00670200
Horse-Drawn Carriages,Transportation,,00678100
Limousine Service,Transportation,,00774000
Para-Transit & Wheelchair Transportation,Transportation,,01426475
Railroad Car Manufacturers,Transportation,,01094400
Railroad Contractors,Transportation,,01094600
Railroad Equipment & Supplies,Transportation,,01094800
"Storage, Freight & Cargo Containers",Transportation,,00361590
Transportation Service,Transportation,,01354400
Trucking,Transportation,,01363200
Air Cargo Service,Transportation,Aircrafts & Airports,00028800
Aircraft & Private Jet Charter,Transportation,Aircrafts & Airports,00034700
Aircraft Dealers,Transportation,Aircrafts & Airports,00033780
Aircraft Design & Manufacturers,Transportation,Aircrafts & Airports,00034600
"Aircraft Maintenance, Service & Storage",Transportation,Aircrafts & Airports,00034500
"Aircraft Parts, Engines & Avionics",Transportation,Aircrafts & Airports,00034650
Aviation Consultants & Services,Transportation,Aircrafts & Airports,00107800
Barges,Transportation,Boats & marine,00125400
Cargo Surveyors,Transportation,Boats & marine,01262000
Dockboards & Ramps,Transportation,Boats & marine,00434000
Marine Contractors,Transportation,Boats & marine,00824800
Marine Electronic Equipment & Supplies,Transportation,Boats & marine,00825000
Marine Engineers,Transportation,Boats & marine,00498200
Marine Equipment & Supplies,Transportation,Boats & marine,00825600
Marine Surveyors,Transportation,Boats & marine,01262800
Naval Architects,Transportation,Boats & marine,00902000
Overseas & Local Shipping,Transportation,Boats & marine,01195000
Port & Harbour Authorities,Transportation,Boats & marine,01046700
Propellers,Transportation,Boats & marine,01070600
"Rope, Twines & Cordage",Transportation,Boats & marine,01137225
Ship Brokers,Transportation,Boats & marine,01194100
Ship Building & Repairing,Transportation,Boats & marine,01194200
Ship Chandlers,Transportation,Boats & marine,01194400
Shipping Room Equipment & Supplies,Transportation,Boats & marine,01195200
Steamship Agencies,Transportation,Boats & marine,01242200
Steamship Companies,Transportation,Boats & marine,01242400
Stevedore Contractors,Transportation,Boats & marine,01248800
Water Hauling,Transportation,Boats & marine,01418975
"Bus, Coach & Minibus Equipment & Supplies",Transportation,Buses,00207145
"Bus, Coach & Minibus Manufacturers & Distributors",Transportation,Buses,00207100
"Bus, Coach & Minibus Repair & Service",Transportation,Buses,00207180
Carpooling & Car Sharing,Transportation,Mass & public transportation,00323535
Chauffeur Services,Transportation,Mass & public transportation,00269200
Taximeters,Transportation,Mass & public transportation,01287400
Water Taxi,Transportation,Mass & public transportation,01420600
Apartment Hotels,Travel & Lodging,Lodging,00682400
Apartment Rental,Travel & Lodging,Lodging,00058400
Apartments,Travel & Lodging,Lodging,00058800
Bed & Breakfasts,Travel & Lodging,Lodging,00136475
Condos & Townhouses,Travel & Lodging,Lodging,00335425
Cottage Rental,Travel & Lodging,Lodging,00373400
Dwellings,Travel & Lodging,Lodging,00456000
Guest Ranches,Travel & Lodging,Lodging,00656060
Hospitality Consultants,Travel & Lodging,Lodging,00681500
Hostels,Travel & Lodging,Lodging,00681625
Hotel Equipment & Supplies,Travel & Lodging,Lodging,00682000
Hotels,Travel & Lodging,Lodging,00682205
House Rentals,Travel & Lodging,Lodging,00685000
House Sharing Service,Travel & Lodging,Lodging,00685750
Inns,Travel & Lodging,Lodging,00711450
Log Cabins & Homes,Travel & Lodging,Lodging,00784300
Mobile Home Dealers,Travel & Lodging,Lodging,00872200
Mobile Home Manufacturers & Distributors,Travel & Lodging,Lodging,00872400
Mobile Home Parks,Travel & Lodging,Lodging,00872600
Mobile Home Transporters,Travel & Lodging,Lodging,00873200
Motels,Travel & Lodging,Lodging,00880800
Out-of-Town Apartment Hotels,Travel & Lodging,Lodging,00682450
Out-of-Town Hotels & Motels,Travel & Lodging,Lodging,00683800
Rooming & Boarding Houses,Travel & Lodging,Lodging,00159725
Tourist Accommodations,Travel & Lodging,Lodging,01338400
Helicopter & Airplane Tours,Travel & Lodging,Tours & Excursions,00019900
Historical Sites & Places,Travel & Lodging,Tours & Excursions,00672200
Museums,Travel & Lodging,Tours & Excursions,00894000
Sleigh Rides,Travel & Lodging,Tours & Excursions,01214200
Snowmobile Equipment & Accessories,Travel & Lodging,Tours & Excursions,01218200
Souvenirs,Travel & Lodging,Tours & Excursions,01229255
Tourist Attractions,Travel & Lodging,Tours & Excursions,01338700
Whale Watching,Travel & Lodging,Tours & Excursions,01426100
"Wilderness Outfitters, Guides & Tours",Travel & Lodging,Tours & Excursions,01428325
Zoos,Travel & Lodging,Tours & Excursions,01442800
Airline Ticket Agencies,Travel & Lodging,Transport,00035025
Airlines,Travel & Lodging,Transport,00035050
Airport Parking,Travel & Lodging,Transport,00035500
Airport Transportation Service,Travel & Lodging,Transport,00035600
Airports,Travel & Lodging,Transport,00035800
Boat Charter & Tours,Travel & Lodging,Transport,00160040
Bus & Coach Lines,Travel & Lodging,Transport,00206600
Bus & Coach Rental & Charter,Travel & Lodging,Transport,00207055
Bus Stations & Ticket Agencies,Travel & Lodging,Transport,00206880
Cruises,Travel & Lodging,Transport,00392900
Ferries,Travel & Lodging,Transport,00543200
Public Transit Service,Travel & Lodging,Transport,01350700
Taxis,Travel & Lodging,Transport,01287901
Train Stations & Ticket Agencies,Travel & Lodging,Transport,01347750
Trains & Railroads,Travel & Lodging,Transport,01095200
Foreign Currency Exchange,Travel & Lodging,"Travel Agencies, Clubs & Services",00578501
Holiday Resorts,Travel & Lodging,"Travel Agencies, Clubs & Services",01124000
Luggage Repair,Travel & Lodging,"Travel Agencies, Clubs & Services",00787390
Luggage Stores,Travel & Lodging,"Travel Agencies, Clubs & Services",00787600
Luggage Wholesalers & Manufacturers,Travel & Lodging,"Travel Agencies, Clubs & Services",00787800
Relocation Services,Travel & Lodging,"Travel Agencies, Clubs & Services",01114500
Sightseeing Guides & Tours,Travel & Lodging,"Travel Agencies, Clubs & Services",01204300
Tourism Consultants,Travel & Lodging,"Travel Agencies, Clubs & Services",01338150
Tourist Information Centres,Travel & Lodging,"Travel Agencies, Clubs & Services",01338800
Travel Accessories,Travel & Lodging,"Travel Agencies, Clubs & Services",01356075
Travel Agencies,Travel & Lodging,"Travel Agencies, Clubs & Services",01356100
Travel Wholesalers,Travel & Lodging,"Travel Agencies, Clubs & Services",01356290
